refnis,score_moyen_base,frequence_1ere_place_base,score_moyen_mod,frequence_1ere_place_mod,delta_score,delta_freq
62063,3.556554454646291,0.0,3.570827177746204,0.0,0.014272723099912898,0.0
53083,2.258819603387078,0.0,2.089670160437658,0.0,-0.1691494429494198,0.0
45062,2.041659359435997,0.0,2.0510473283103465,0.0,0.00938796887434945,0.0
44013,2.8511045147565177,0.0,2.931575702769445,0.0,0.08047118801292719,0.0
36019,2.2958612441163253,0.0,2.2486912495379934,0.0,-0.04716999457833193,0.0
25119,2.688981937215051,0.0,2.505386568617628,0.0,-0.18359536859742276,0.0
24016,2.664547903202753,0.0,2.8161275140302773,0.0,0.15157961082752447,0.0
23103,3.2537842606227803,0.0,3.539597331981782,0.0,0.2858130713590019,0.0
23052,2.5398418901973856,0.0,2.5492479086372737,0.0,0.009406018439888086,0.0
21017,3.3366033598548834,0.0,3.414309391211524,0.0,0.07770603135664045,0.0
11055,2.3476552671140083,0.0,2.1991671107134647,0.0,-0.14848815640054358,0.0
82037,2.3103908141475733,0.0,2.0405145244449074,0.0,-0.26987628970266586,0.0
82003,2.223113917157184,0.0,1.9312820452781208,0.0,-0.29183187187906334,0.0
81001,3.120269964784076,0.0,2.9204420510375253,0.0,-0.19982791374655084,0.0
11052,3.222262297783649,0.0,3.273836303898738,0.0,0.05157400611508889,0.0
11004,3.0053132369114186,0.0,3.234981126736709,0.0,0.2296678898252904,0.0
62079,3.410446867961729,0.0,3.276878699600563,0.0,-0.1335681683611658,0.0
61012,2.0358656071783408,0.0,1.815893934432506,0.0,-0.21997167274583473,0.0
31043,3.351746540300261,0.0,3.2047367775304494,0.0,-0.14700976276981148,0.0
73107,2.6018571517943303,0.0,2.3968110319411244,0.0,-0.20504611985320587,0.0
63076,2.585572828669965,0.0,2.264165763759041,0.0,-0.32140706491092397,0.0
63035,3.0315980417851844,0.0,2.81146588545494,0.0,-0.2201321563302443,0.0
63012,1.999351001825607,0.0,1.6578182274809472,0.0,-0.3415327743446599,0.0
56016,2.036346122524612,0.0,1.8160662015736493,0.0,-0.2202799209509625,0.0
42011,2.9185386048042647,0.0,3.014003780292628,0.0,0.09546517548836331,0.0
37017,2.793082744185205,0.0,2.7465472955826526,0.0,-0.04653544860255243,0.0
23077,3.0378723093890927,0.0,3.046791546473923,0.0,0.008919237084830112,0.0
23064,1.8558060754656729,0.0,1.9354029038805265,0.0,0.0795968284148536,0.0
71053,3.224265180214835,0.0,3.1617189505198846,0.0,-0.06254622969495038,0.0
21006,3.9079206928611536,0.0,4.228545212924166,0.0,0.32062452006301223,0.0
13004,2.3838414686901523,0.0,2.3577274930141363,0.0,-0.026113975676016032,0.0
63073,1.9011495386525203,0.0,1.651694721876427,0.0,-0.24945481677609327,0.0
11018,3.13111925084405,0.0,3.3900358016791454,0.0,0.25891655083509546,0.0
11009,2.7261291694837206,0.0,2.664291485200605,0.0,-0.061837684283115646,0.0
91054,1.968583628700271,0.0,1.7341227993996071,0.0,-0.2344608293006638,0.0
85007,2.1861187964581994,0.0,1.7730340711854158,0.0,-0.4130847252727836,0.0
56029,1.88001729724079,0.0,1.6250304612996649,0.0,-0.25498683594112515,0.0
55085,2.601001712641215,0.0,2.3963503251414693,0.0,-0.20465138749974576,0.0
46003,3.0102677586295408,0.0,2.8978603771360043,0.0,-0.11240738149353646,0.0
41027,2.508922405502373,0.0,2.6248955380656485,0.0,0.11597313256327535,0.0
37018,2.171260822650371,0.0,1.981695471627651,0.0,-0.1895653510227202,0.0
33041,1.6115435456383007,0.0,1.6361040351380227,0.0,0.024560489499722005,0.0
23104,2.5401702939739543,0.0,2.548763233288155,0.0,0.008592939314200798,0.0
23024,2.384275464006143,0.0,2.357126645147668,0.0,-0.0271488188584752,0.0
13003,2.570609263322725,0.0,2.4729433367186204,0.0,-0.09766592660410467,0.0
11024,3.410446867961729,0.0,3.276878699600563,0.0,-0.1335681683611658,0.0
92114,2.414714433354907,0.0,2.2813067485781504,0.0,-0.13340768477675669,0.0
58002,3.410552459501134,0.0,3.2767625270832355,0.0,-0.1337899324178986,0.0
53065,3.1928061086644184,0.0,3.2380836003321285,0.0,0.04527749166771011,0.0
73006,3.037497385582256,0.0,3.0465031068154067,0.0,0.009005721233150688,0.0
24066,2.912744852546614,0.0,2.778850386414802,0.0,-0.133894466131812,0.0
72037,2.7256486541374536,0.0,2.664119218059441,0.0,-0.061529436078012534,0.0
85047,2.0931840501662493,0.0,2.0011185773099527,0.0,-0.09206547285629663,0.0
52015,3.2236790733291603,0.0,3.1616628558960955,0.0,-0.062016217433064735,0.0
52011,3.902173460633767,0.0,3.994164934053976,0.0,0.09199147342020897,0.0
51068,2.259300118733333,0.0,2.0898424275788106,0.0,-0.16945769115452247,0.0
51008,2.726082649453452,0.0,2.663518370192968,0.0,-0.06256427926048369,0.0
42026,3.0741641025046715,0.0,3.2052357562572515,0.0,0.13107165375258,0.0
41082,3.03739179404285,0.0,3.0466192793327838,0.0,0.009227485289933668,0.0
38016,2.6676516540594126,0.0,2.591781060298703,0.0,-0.07587059376070959,0.0
31022,2.7261291694837206,0.0,2.664291485200605,0.0,-0.061837684283115646,0.0
31003,2.570714854862139,0.0,2.472827164201266,0.0,-0.097887690660873,0.0
92048,2.5335676225934955,0.0,2.3139222476182866,0.0,-0.21964537497520897,0.0
57027,2.7934111479617765,0.0,2.746062620233503,0.0,-0.04734852772827347,0.0
34027,3.3800544186432564,0.0,3.353471711177713,0.0,-0.026582707465543365,0.0
73009,2.2284271540685894,0.0,2.1662631720148195,0.0,-0.06216398205376983,0.0
25091,3.623027514001497,0.0,3.652910720987074,0.0,0.029883206985577004,0.0
25068,2.814062874027254,0.0,2.772554613669112,0.0,-0.041508260358142035,0.0
24086,2.2856400055170583,0.0,2.351603987409636,0.0,0.0659639818925779,0.0
21005,3.964134392821655,0.0,4.184106065567504,0.0,0.2199716727458494,0.0
92140,3.1563505748208147,0.0,3.0791186058555664,0.0,-0.07723196896524831,0.0
63061,2.5340481379397333,0.0,2.3140945147594327,0.0,-0.21995362318030054,0.0
63045,2.2432851278763977,0.0,1.957601771572593,0.0,-0.2856833563038046,0.0
53070,3.0995126471791816,0.0,2.8940662301192623,0.0,-0.20544641705991928,0.0
53039,2.637668429563637,0.0,2.5550829745833004,0.0,-0.08258545498033643,0.0
52010,3.2236790733291603,0.0,3.1616628558960955,0.0,-0.062016217433064735,0.0
51019,2.222304998034335,0.0,1.931594453486097,0.0,-0.2907105445482381,0.0
42025,3.260826305597824,0.0,3.3205677724790883,0.0,0.05974146688126414,0.0
37012,2.668916318035224,0.0,2.478950669805791,0.0,-0.18996564822943274,0.0
25107,2.7573305379250383,0.0,2.587386065415453,0.0,-0.16994447250958533,0.0
24134,3.224265180214835,0.0,3.1617189505198846,0.0,-0.06254622969495038,0.0
12035,2.695690200134947,0.0,2.74011138177012,0.0,0.044421181635172946,0.0
83013,2.272893428565334,0.0,1.9940114176294936,0.0,-0.27888201093584053,0.0
82036,2.223113917157184,0.0,1.9312820452781208,0.0,-0.29183187187906334,0.0
62118,2.8813913725356013,0.0,2.855098863709652,0.0,-0.026292508825949135,0.0
58001,3.7221900078671286,0.0,3.6593787608738975,0.0,-0.06281124699323115,0.0
57096,3.5350938094579694,0.0,3.544647592518554,0.0,0.009553783060584742,0.0
44085,2.824811148003063,0.0,2.670587257946273,0.0,-0.15422389005679005,0.0
25105,3.1929117002038323,0.0,3.237967427814753,0.0,0.045055727610920915,0.0
64075,1.984446507987524,0.0,1.8657065129155417,0.0,-0.1187399950719823,0.0
64056,2.5700822279462003,0.0,2.471997954569838,0.0,-0.0980842733763625,0.0
64029,2.5700822279462003,0.0,2.471997954569838,0.0,-0.0980842733763625,0.0
11053,2.414866544924596,0.0,2.2819636910684267,0.0,-0.1329028538561694,0.0
93090,2.056669444813516,0.0,1.843042870358416,0.0,-0.21362657445510003,0.0
91064,2.066785091873376,0.0,1.7402463050041277,0.0,-0.3265387868692482,0.0
84029,1.7143817440199485,0.0,1.5364788781719514,0.0,-0.17790286584799708,0.0
63023,2.720815932572318,0.0,2.429310358463902,0.0,-0.2915055741084158,0.0
42003,2.793563259531473,0.0,2.746719562723793,0.0,-0.04684369680767997,0.0
37020,2.4826290387489034,0.0,2.3639070932424824,0.0,-0.11872194550642101,0.0
33039,2.1034518087957883,0.0,1.8989789544459603,0.0,-0.20447285434982798,0.0
32011,2.451381150277298,0.0,2.44003939801998,0.0,-0.011341752257318038,0.0
25122,2.103299697226103,0.0,1.898322011955684,0.0,-0.20497768527041882,0.0
25043,2.290067491858681,0.0,2.013537855660154,0.0,-0.2765296361985268,0.0
23081,2.8819774794212614,0.0,2.8551549583334688,0.0,-0.026822521087792595,0.0
23025,3.0377667178497,0.0,3.046907718991275,0.0,0.0091410011415749,0.0
13036,1.8862915648447025,0.0,1.8603561223186464,0.0,-0.025935442526056063,0.0
13014,2.1038267326026108,0.0,1.899267394104475,0.0,-0.20455933849813568,0.0
13012,2.5393613748511483,0.0,2.549075641496122,0.0,0.009714266644973879,0.0
82032,2.4667196394313837,0.0,2.231550264718896,0.0,-0.23516937471248767,0.0
72041,2.6013766364480686,0.0,2.3966387647999707,0.0,-0.20473787164809787,0.0
64015,2.072860727877348,0.0,1.9741419085252003,0.0,-0.09871881935214777,0.0
24059,2.9186441963436764,0.0,3.013887607775273,0.0,0.09524341143159676,0.0
61063,2.5700822279462003,0.0,2.471997954569838,0.0,-0.0980842733763625,0.0
57018,2.3575015819064213,0.0,2.095965933183328,0.0,-0.2615356487230933,0.0
45035,3.224265180214835,0.0,3.1617189505198846,0.0,-0.06254622969495038,0.0
23047,3.876748883335584,0.0,3.850382375073569,0.0,-0.02636650826201503,0.0
73001,3.25997086644474,0.0,3.320107065679451,0.0,0.06013619923471092,0.0
73032,2.881496964075014,0.0,2.8549826911922924,0.0,-0.026514272882721457,0.0
11035,2.3838414686901523,0.0,2.3577274930141363,0.0,-0.026113975676016032,0.0
91120,1.81258320719304,0.0,1.5426023837764795,0.0,-0.2699808234165604,0.0
91072,2.4659107203085626,0.0,2.23186267292689,0.0,-0.23404804738167284,0.0
91015,1.7818158340677008,0.0,1.6189069556951228,0.0,-0.16290887837257806,0.0
85034,1.9689120324768483,0.0,1.733638124050468,0.0,-0.2352739084263804,0.0
84050,1.6262959279067186,0.0,1.4275588072131566,0.0,-0.19873712069356197,0.0
61028,2.2280522302617403,0.0,2.165974732356323,0.0,-0.06207749790541728,0.0
51014,2.326734208781081,0.0,2.172270505101989,0.0,-0.15446370367909212,0.0
45065,2.2284271540685894,0.0,2.1662631720148195,0.0,-0.06216398205376983,0.0
41063,2.695209684788684,0.0,2.739939114628959,0.0,0.044729429840274726,0.0
24014,3.162144327078491,0.0,3.3142719997334096,0.0,0.15212767265491856,0.0
23002,2.6955846085955346,0.0,2.740227554287483,0.0,0.04464294569194838,0.0
62051,3.535422213234525,0.0,3.544162917169433,0.0,0.008740703934907668,0.0
57062,2.482148523402653,0.0,2.3637348261013043,0.0,-0.11841369730134854,0.0
33016,1.8553720801496771,0.0,1.9360037517470177,0.0,0.08063167159734053,0.0
23101,2.969957703995092,0.0,2.964191201809593,0.0,-0.005766502185498901,0.0
21011,3.7464471134940793,0.0,4.144537851291391,0.0,0.3980907377973115,0.0
63046,2.435694563196962,0.0,2.307314066664636,0.0,-0.1283804965323263,0.0
61024,2.0257499601184907,0.0,1.9186904997867744,0.0,-0.10705946033171632,0.0
52055,3.037016870235998,0.0,3.046330839674278,0.0,0.009313969438280001,0.0
51017,2.4460679133659147,0.0,2.205058271283262,0.0,-0.24100964208265285,0.0
46021,3.0378723093890927,0.0,3.046791546473923,0.0,0.008919237084830112,0.0
45060,1.974225269388257,0.0,1.968619250787168,0.0,-0.005606018601088891,0.0
41081,3.006730012456913,0.0,3.1228076787340786,0.0,0.11607766627716565,0.0
35014,2.2958612441163253,0.0,2.2486912495379934,0.0,-0.04716999457833193,0.0
32030,1.6427914341099008,0.0,1.559971730360522,0.0,-0.08281970374937875,0.0
23060,3.0740585109652594,0.0,3.2053519287746104,0.0,0.131293417809351,0.0
23039,3.0740585109652594,0.0,3.2053519287746104,0.0,0.131293417809351,0.0
13016,3.067830763391603,0.0,2.970799382763257,0.0,-0.09703138062834604,0.0
63086,2.211708835628232,0.0,2.0342187516992416,0.0,-0.17749008392899057,0.0
62121,2.9641639517374294,0.0,2.7290378079317583,0.0,-0.2351261438056711,0.0
64076,2.32625369343482,0.0,2.172098237960855,0.0,-0.15415545547396503,0.0
91034,2.280432360145071,0.0,2.1165066881555754,0.0,-0.16392567198949548,0.0
91030,2.53415372947915,0.0,2.313978342242082,0.0,-0.22017538723706798,0.0
91005,2.466239124085144,0.0,2.231377997577767,0.0,-0.234861126507377,0.0
61068,2.5700822279462003,0.0,2.471997954569838,0.0,-0.0980842733763625,0.0
55040,2.75748264949472,0.0,2.5880430079057373,0.0,-0.16943964158898295,0.0
52048,3.088330377887412,0.0,2.9966344337085866,0.0,-0.09169594417882543,0.0
52021,3.192536776396978,0.0,3.237678988156268,0.0,0.04514221175929034,0.0
51069,2.881754667184113,0.0,2.8555234611652205,0.0,-0.026231206018892728,0.0
51004,3.254809741103017,0.0,3.085782881433026,0.0,-0.16902685966999087,0.0
44045,1.9537256548924584,0.0,1.9427841998418331,0.0,-0.01094145505062527,0.0
44043,3.224159588675421,0.0,3.1618351230372377,0.0,-0.06232446563818339,0.0
42010,2.949411569469027,0.0,2.9375830358566213,0.0,-0.011828533612405767,0.0
37002,2.264179360328756,0.0,2.325424402181992,0.0,0.06124504185323598,0.0
25123,2.881602555614428,0.0,2.854866518674944,0.0,-0.02673603693948401,0.0
63088,2.591214469357949,0.0,2.498662215146624,0.0,-0.09255225421132485,0.0
58003,2.445587398019655,0.0,2.2048860041421414,0.0,-0.24070139387751377,0.0
57093,2.227946638722325,0.0,2.1660909048736667,0.0,-0.06185573384865828,0.0
56051,2.036346122524612,0.0,1.8160662015736493,0.0,-0.2202799209509625,0.0
44064,3.2545520379939243,0.0,3.085242111460107,0.0,-0.16930992653381738,0.0
44048,2.979850538817787,0.0,2.8617631392871137,0.0,-0.11808739953067349,0.0
43014,2.1404469294947552,0.0,2.057226928538668,0.0,-0.08322000095608706,0.0
34025,2.6072759802451464,0.0,2.631675986160465,0.0,0.024400005915318435,0.0
31004,3.694906051505378,0.0,3.8531140394041503,0.0,0.1582079878987721,0.0
64063,2.948556130315924,0.0,2.937122329056995,0.0,-0.011433801258928789,0.0
23102,3.162038735539069,0.0,3.31438817225077,0.0,0.1523494367117011,0.0
13029,2.881649075644698,0.0,2.855639633682581,0.0,-0.026009441962116853,0.0
72043,3.037168981805684,0.0,3.0469877821645523,0.0,0.009818800358868174,0.0
11039,2.7207103410329,0.0,2.429426530981254,0.0,-0.29128381005164616,0.0
11025,2.9752709409064995,0.0,3.199172328546292,0.0,0.2239013876397924,0.0
11016,2.6948812810121305,0.0,2.7404237899781143,0.0,0.045542508965983775,0.0
62009,2.55421934865896,0.0,2.3404142410539004,0.0,-0.21380510760505977,0.0
53082,3.094452533921644,0.0,3.231303152237292,0.0,0.13685061831564793,0.0
45061,2.072098328784774,0.0,1.9752274317408327,0.0,-0.09687089704394136,0.0
42004,2.850881702519352,0.0,2.931944205601237,0.0,0.08106250308188523,0.0
36012,2.638043353370484,0.0,2.5553714142418107,0.0,-0.08267193912867343,0.0
32006,2.1400129341787792,0.0,2.057827776405156,0.0,-0.08218515777362345,0.0
31042,1.984118104210952,0.0,1.866191188264677,0.0,-0.11792691594627502,0.0
11057,2.3838414686901523,0.0,2.3577274930141363,0.0,-0.026113975676016032,0.0
73109,2.2802802485753784,0.0,2.115849745665287,0.0,-0.1644305029100912,0.0
24062,4.338370288713987,0.0,4.18973413344132,0.0,-0.14863615527266738,0.0
45041,2.752422536237176,0.0,2.92527993002377,0.0,0.17285739378659404,0.0
36011,2.7932348557549047,0.0,2.7472042380729103,0.0,-0.04603061768199446,0.0
21008,3.378865197435008,0.0,3.8067653770332495,0.0,0.42790017959824134,0.0
71066,2.3838414686901523,0.0,2.3577274930141363,0.0,-0.026113975676016032,0.0
11040,3.1566199070882464,0.0,3.0795232180314267,0.0,-0.07709668905681966,0.0
62032,3.394537468644225,0.0,3.144521871077015,0.0,-0.2500155975672098,0.0
61039,2.279365737913161,0.0,2.1162783263906566,0.0,-0.1630874115225045,0.0
51065,2.4460679133659147,0.0,2.205058271283262,0.0,-0.24100964208265285,0.0
37010,2.451275558737903,0.0,2.440155570537336,0.0,-0.011119988200567033,0.0
37007,2.606795464898883,0.0,2.6315037190193054,0.0,0.024708254120422435,0.0
35002,3.259409530052315,0.0,3.4327412204817023,0.0,0.17333169042938712,0.0
25005,2.570562743292466,0.0,2.4721702217109693,0.0,-0.0983925215814967,0.0
24135,2.6903769632235446,0.0,2.505130255033422,0.0,-0.1852467081901228,0.0
24009,2.628256110087189,0.0,2.65768330424694,0.0,0.029427194159751036,0.0
21003,3.34699308128228,0.0,3.6534061587177855,0.0,0.3064130774355056,0.0
13017,2.570714854862139,0.0,2.472827164201266,0.0,-0.097887690660873,0.0
12009,3.00662442091751,0.0,3.122923851251418,0.0,0.11629943033390777,0.0
11001,3.565380667237041,0.0,3.468170753458753,0.0,-0.09720991377828803,0.0
92094,3.431579109373483,0.0,3.303542960177351,0.0,-0.1280361491961317,0.0
63040,2.746523192440101,0.0,2.690242708663307,0.0,-0.056280483776793844,0.0
61081,2.191385513339331,0.0,2.007242082914481,0.0,-0.18414343042485015,0.0
61019,2.056517333243822,0.0,1.8423859278681236,0.0,-0.2141314053756982,0.0
57003,2.5031286532447066,0.0,2.389742144187814,0.0,-0.1133865090568924,0.0
43018,2.540064702434546,0.0,2.5488794058055104,0.0,0.008814703370964239,0.0
25110,3.9960825879204087,0.0,3.883170141254895,0.0,-0.11291244666551359,0.0
11023,2.8141093940575432,0.0,2.773327728676759,0.0,-0.040781665380784204,0.0
11013,3.1623671393156494,0.0,3.313903496901629,0.0,0.1515363575859796,0.0
11005,3.287119672351288,0.0,3.581556217302293,0.0,0.2944365449510049,0.0
93056,2.3781533079719104,0.0,2.12245792661896,0.0,-0.25569538135295033,0.0
91059,2.005098234053005,0.0,1.892198506351154,0.0,-0.11289972770185086,0.0
62026,2.648052396999584,0.0,2.6837145908829108,0.0,0.03566219388332659,0.0
56044,2.5996905286351275,0.0,2.50840760062674,0.0,-0.09128292800838755,0.0
44052,2.19755418940383,0.0,2.242683916450825,0.0,0.045129727046994805,0.0
43010,2.9491887572318505,0.0,2.937951538688404,0.0,-0.011237218543446392,0.0
34003,2.109468373290589,0.0,2.133763845492026,0.0,0.02429547220143702,0.0
33021,2.4518616656235634,0.0,2.4402116651611223,0.0,-0.011650000462441135,0.0
23100,3.280739813207977,0.0,3.346346728800621,0.0,0.06560691559264376,0.0
23032,2.3839470602295605,0.0,2.357611320496797,0.0,-0.026335739732763486,0.0
23023,2.384275464006143,0.0,2.357126645147668,0.0,-0.0271488188584752,0.0
12029,2.7264575732602947,0.0,2.663806809851446,0.0,-0.06265076340884868,0.0
83012,2.4667196394313837,0.0,2.231550264718896,0.0,-0.23516937471248767,0.0
53068,2.5393613748511483,0.0,2.549075641496122,0.0,0.009714266644973879,0.0
46024,2.3838414686901523,0.0,2.3577274930141363,0.0,-0.026113975676016032,0.0
24033,3.006730012456913,0.0,3.1228076787340786,0.0,0.11607766627716565,0.0
24020,3.037977900928514,0.0,3.0466753739565835,0.0,0.008697473028069336,0.0
23105,2.6643367201239387,0.0,2.8163598590649968,0.0,0.152023138941058,0.0
63072,2.777653860213951,0.0,2.614362734200212,0.0,-0.16329112601373907,0.0
11044,2.9185386048042647,0.0,3.014003780292628,0.0,0.09546517548836331,0.0
92006,2.222304998034335,0.0,1.931594453486097,0.0,-0.2907105445482381,0.0
91143,1.7456296324915477,0.0,1.4603465733944412,0.0,-0.2852830590971065,0.0
85046,2.3783054195416025,0.0,2.123114869109229,0.0,-0.25519055043237326,0.0
84016,1.7143817440199485,0.0,1.5364788781719514,0.0,-0.17790286584799708,0.0
63020,2.840731164587564,0.0,3.033831498150806,0.0,0.1931003335632422,0.0
51009,2.75700213414847,0.0,2.5878707407646075,0.0,-0.16913139338386252,0.0
43002,2.3271091325879287,0.0,2.1725589447604943,0.0,-0.15455018782743446,0.0
23097,2.353402499341396,0.0,2.4335473895836657,0.0,0.0801448902422699,0.0
12026,2.695361796358385,0.0,2.740596057119248,0.0,0.0452342607608629,0.0
82005,1.81258320719304,0.0,1.5426023837764795,0.0,-0.2699808234165604,0.0
72018,2.513396411874245,0.0,2.287602521323818,0.0,-0.2257938905504271,0.0
71070,2.8456856863057056,0.0,2.696710748550111,0.0,-0.14897493775559445,0.0
71037,2.6895680441006986,0.0,2.5054426632414133,0.0,-0.18412538085928531,0.0
11050,3.3149906030968945,0.0,3.387472863493596,0.0,0.07248226039670147,0.0
24055,3.5654862587764637,0.0,3.468054580941399,0.0,-0.09743167783506479,0.0
62119,2.844830247152597,0.0,2.6962500417504685,0.0,-0.14858020540212857,0.0
56078,2.9735545216768613,0.0,2.7383546126865403,0.0,-0.23519990899032095,0.0
31040,3.0684168702772685,0.0,2.9708554773870417,0.0,-0.0975613928902268,0.0
24028,2.4517095540539,0.0,2.4395547226708376,0.0,-0.01215483138306217,0.0
63080,2.036346122524612,0.0,1.8160662015736493,0.0,-0.2202799209509625,0.0
91013,2.1241035348612654,0.0,1.9254709478815897,0.0,-0.19863258697967567,0.0
51067,2.5393613748511483,0.0,2.549075641496122,0.0,0.009714266644973879,0.0
23050,2.7264575732602947,0.0,2.663806809851446,0.0,-0.06265076340884868,0.0
13019,2.570714854862139,0.0,2.472827164201266,0.0,-0.097887690660873,0.0
83028,2.4354717509597967,0.0,2.307682569496406,0.0,-0.1277891814633909,0.0
73098,2.570562743292466,0.0,2.4721702217109693,0.0,-0.0983925215814967,0.0
73066,2.2287555578451586,0.0,2.165778496665679,0.0,-0.06297706117947977,0.0
24054,2.2287555578451586,0.0,2.165778496665679,0.0,-0.06297706117947977,0.0
92097,2.289739088082098,0.0,2.0140225310093003,0.0,-0.27571655707279774,0.0
53020,2.9132253678928746,0.0,2.779022653555928,0.0,-0.13420271433694664,0.0
21007,3.621846692028093,0.0,3.877542073381073,0.0,0.25569538135297964,0.0
13046,2.6643367201239387,0.0,2.8163598590649968,0.0,0.152023138941058,0.0
71034,3.2809975163170573,0.0,3.3468874987735564,0.0,0.06588998245649913,0.0
64025,2.325819698118851,0.0,2.1726990858273387,0.0,-0.15312061229151208,0.0
46014,3.260826305597824,0.0,3.3205677724790883,0.0,0.05974146688126414,0.0
41018,2.882457994767514,0.0,2.8553272254745985,0.0,-0.02713076929291569,0.0
25031,2.9071032118586406,0.0,2.544353935027233,0.0,-0.36274927683140756,0.0
13021,2.4151949487011697,0.0,2.2814790157192872,0.0,-0.13371593298188245,0.0
63004,2.222304998034335,0.0,1.931594453486097,0.0,-0.2907105445482381,0.0
61003,2.902148690140494,0.0,2.8814746846279284,0.0,-0.020674005512565596,0.0
57095,2.259300118733333,0.0,2.0898424275788106,0.0,-0.16945769115452247,0.0
45059,2.384275464006143,0.0,2.357126645147668,0.0,-0.0271488188584752,0.0
44073,1.8853087846151733,0.0,1.9719287224547788,0.0,0.08661993783960553,0.0
38008,2.947924093256037,0.0,3.050781929181292,0.0,0.10285783592525499,0.0
34023,2.8871851247932545,0.0,3.090252257587509,0.0,0.2030671327942546,0.0
24041,2.010891986310672,0.0,2.1273519002289967,0.0,0.11645991391832489,0.0
24038,3.00662442091751,0.0,3.122923851251418,0.0,0.11629943033390777,0.0
23098,3.5648240729447416,0.0,3.922293628945716,0.0,0.35746955600097463,0.0
72039,2.4150893571617558,0.0,2.2815951882366456,0.0,-0.13349416892511012,0.0
11029,3.752072382923596,0.0,4.037681739791349,0.0,0.28560935686775313,0.0
91141,2.36793206937264,0.0,2.225370664490585,0.0,-0.1425614048820547,0.0
84033,2.155679827109435,0.0,1.8488539677549427,0.0,-0.30682585935449214,0.0
83044,1.8702300539575,0.0,1.7273423513047963,0.0,-0.14288770265270379,0.0
61080,2.591214469357949,0.0,2.498662215146624,0.0,-0.09255225421132485,0.0
41024,2.508816813962941,0.0,2.625011710583017,0.0,0.1161948966200761,0.0
23096,2.5398418901973856,0.0,2.5492479086372737,0.0,0.009406018439888086,0.0
23045,2.7627958864061264,0.0,2.823024134642436,0.0,0.06022824823630968,0.0
21010,3.964134392821655,0.0,4.184106065567504,0.0,0.2199716727458494,0.0
72004,2.63273011645906,0.0,2.3203902875051154,0.0,-0.31233982895394474,0.0
61010,2.445587398019655,0.0,2.2048860041421414,0.0,-0.24070139387751377,0.0
57081,3.59732025413373,0.0,3.3919783707876885,0.0,-0.20534188334604142,0.0
57072,2.637996833340206,0.0,2.554598299234158,0.0,-0.08339853410604814,0.0
44083,3.011578942635628,0.0,2.785803101650751,0.0,-0.2257758409848769,0.0
44040,3.347600937704964,0.0,3.5415451189231586,0.0,0.1939441812181948,0.0
13037,2.042139874782261,0.0,2.051219595451482,0.0,0.009079720669221025,0.0
13006,2.3838414686901523,0.0,2.3577274930141363,0.0,-0.026113975676016032,0.0
92003,2.9333965786120912,0.0,2.8053423798504094,0.0,-0.1280541987616819,0.0
83055,2.273221832341916,0.0,1.993526742280352,0.0,-0.27969509006156423,0.0
62027,2.6894159325310367,0.0,2.5047857207511472,0.0,-0.18463021177988947,0.0
61043,2.5335676225934955,0.0,2.3139222476182866,0.0,-0.21964537497520897,0.0
56022,3.068370350247012,0.0,2.9700823623794235,0.0,-0.09828798786758863,0.0
55035,2.7877695072738,0.0,2.5115661688459507,0.0,-0.27620333842784905,0.0
53053,3.783501941880638,0.0,3.50713811986837,0.0,-0.27636382201226795,0.0
44021,3.938840177556162,0.0,4.152897583495816,0.0,0.21405740593965428,0.0
33040,1.9532451395462056,0.0,1.9426119327006808,0.0,-0.010633206845524823,0.0
23027,3.467765310949646,0.0,3.462103342478034,0.0,-0.0056619684716121554,0.0
13001,2.1033462172563686,0.0,1.8990951269633232,0.0,-0.20425109029304545,0.0
82009,1.931916911777863,0.0,1.5753901499577738,0.0,-0.35652676182008913,0.0
71020,2.571043258638728,0.0,2.4723424888521173,0.0,-0.09870076978661091,0.0
92087,2.222633401810932,0.0,1.9311097781369724,0.0,-0.2915236236739598,0.0
57097,2.637668429563637,0.0,2.5550829745833004,0.0,-0.08258545498033643,0.0
44012,3.0740585109652594,0.0,3.2053519287746104,0.0,0.131293417809351,0.0
31033,3.104603071853421,0.0,3.129415859687732,0.0,0.024812787834310956,0.0
25084,2.2591945271939227,0.0,2.089958600096161,0.0,-0.1692359270977617,0.0
24045,2.286074000833054,0.0,2.351003139543131,0.0,0.064929138710077,0.0
21019,3.901692945287479,0.0,3.9939926669128343,0.0,0.09229972162535516,0.0
13023,2.042139874782261,0.0,2.051219595451482,0.0,0.009079720669221025,0.0
91114,2.496656343896904,0.0,2.267475235426649,0.0,-0.22918110847025508,0.0
85039,2.377824904195331,0.0,2.1229426019681017,0.0,-0.2548823022272293,0.0
85011,1.7456296324915477,0.0,1.4603465733944412,0.0,-0.2852830590971065,0.0
84035,1.8130637225392936,0.0,1.5427746509176294,0.0,-0.27028907162166416,0.0
84010,1.7456296324915477,0.0,1.4603465733944412,0.0,-0.2852830590971065,0.0
63049,2.088245737061674,0.0,1.7664258902317684,0.0,-0.3218198468299056,0.0
62060,2.9123699287397704,0.0,2.7785619467562994,0.0,-0.133807981983471,0.0
62022,3.363512392409804,0.0,3.2202856730226928,0.0,-0.14322671938711107,0.0
56005,1.88001729724079,0.0,1.6250304612996649,0.0,-0.25498683594112515,0.0
44020,2.949411569469027,0.0,2.9375830358566213,0.0,-0.011828533612405767,0.0
44019,2.7930609946482114,0.0,2.8584644300010664,0.0,0.06540343535285498,0.0
35011,2.3571979486231145,0.0,2.209140857958524,0.0,-0.1480570906645906,0.0
31005,3.410096714648157,0.0,3.3892805093681213,0.0,-0.020816205280035582,0.0
24008,2.384275464006143,0.0,2.357126645147668,0.0,-0.0271488188584752,0.0
21014,4.678364025271922,0.935,4.719928001249178,1.0,0.04156397597725636,0.06499999999999995
21004,4.616555204653671,0.065,4.530643812225912,0.0,-0.08591139242775903,-0.065
21001,3.938840177556162,0.0,4.152897583495816,0.0,0.21405740593965428,0.0
13010,2.88116856029844,0.0,2.8554673665414443,0.0,-0.025701193756995533,0.0
12025,3.1937671393569245,0.0,3.238428134614398,0.0,0.04466099525747369,0.0
12021,2.8511045147565177,0.0,2.931575702769445,0.0,0.08047118801292719,0.0
11054,2.5701287479764763,0.0,2.4727710695774845,0.0,-0.09735767839899179,0.0
71022,3.5664472894689827,0.0,3.468399115223698,0.0,-0.09804817424528478,0.0
56049,2.228380634038319,0.0,2.165490057007187,0.0,-0.0628905770311321,0.0
64023,2.481773599595817,0.0,2.363446386442818,0.0,-0.1183272131529991,0.0
84075,1.7456296324915477,0.0,1.4603465733944412,0.0,-0.2852830590971065,0.0
83049,1.81258320719304,0.0,1.5426023837764795,0.0,-0.2699808234165604,0.0
83040,1.968583628700271,0.0,1.7341227993996071,0.0,-0.2344608293006638,0.0
61072,2.814062874027254,0.0,2.772554613669112,0.0,-0.041508260358142035,0.0
61041,2.123951423291585,0.0,1.924814005391303,0.0,-0.19913741790028183,0.0
55004,2.913002555655714,0.0,2.7793911563877147,0.0,-0.13361139926799925,0.0
53044,2.725754245676874,0.0,2.664003045542098,0.0,-0.061751200134775974,0.0
44034,2.980331054164045,0.0,2.861935406428246,0.0,-0.1183956477357988,0.0
36007,3.1044974803140155,0.0,3.1295320322051,0.0,0.02503455189108461,0.0
25117,2.570562743292466,0.0,2.4721702217109693,0.0,-0.0983925215814967,0.0
25014,3.498532684074981,0.0,3.385798770559385,0.0,-0.11273391351559603,0.0
24137,2.570562743292466,0.0,2.4721702217109693,0.0,-0.0983925215814967,0.0
23016,3.3787432346371533,0.0,3.465528986663016,0.0,0.0867857520258628,0.0
13008,3.410704571070841,0.0,3.277419469573497,0.0,-0.13328510149734374,0.0
73083,3.5968397387874727,0.0,3.391806103646544,0.0,-0.20503363514092854,0.0
72030,2.259675042540176,0.0,2.090130867237308,0.0,-0.16954417530286792,0.0
71004,3.001205592466679,0.0,2.8880588970320944,0.0,-0.11314669543458455,0.0
63001,2.1551993117631616,0.0,1.8486817006137923,0.0,-0.30651761114936926,0.0
62122,2.5231942724245227,0.0,2.4161780429996504,0.0,-0.10701622942487221,0.0
57064,2.9436178172113623,0.0,2.7024296419787954,0.0,-0.24118817523256686,0.0
52075,2.9123699287397704,0.0,2.7785619467562994,0.0,-0.133807981983471,0.0
43007,2.451381150277298,0.0,2.44003939801998,0.0,-0.011341752257318038,0.0
21002,3.870925572162149,0.0,4.070297238831479,0.0,0.19937166666933015,0.0
73042,2.912744852546614,0.0,2.778850386414802,0.0,-0.133894466131812,0.0
64047,2.570562743292466,0.0,2.4721702217109693,0.0,-0.0983925215814967,0.0
64021,2.5700822279462003,0.0,2.471997954569838,0.0,-0.0980842733763625,0.0
93088,2.720441008765467,0.0,2.4290219188053928,0.0,-0.2914190899600744,0.0
92141,2.414714433354907,0.0,2.2813067485781504,0.0,-0.13340768477675669,0.0
92138,2.258819603387078,0.0,2.089670160437658,0.0,-0.1691494429494198,0.0
91142,1.8702300539575,0.0,1.7273423513047963,0.0,-0.14288770265270379,0.0
84009,2.777759451753352,0.0,2.6142465616828487,0.0,-0.1635128900705034,0.0
63067,2.3419671063957512,0.0,1.963897544318267,0.0,-0.3780695620774843,0.0
45068,3.041971391954128,0.0,2.709210090073594,0.0,-0.332761301880534,0.0
45063,2.3530275755345507,0.0,2.4332589499251687,0.0,0.080231374390618,0.0
42006,3.416346211758821,0.0,3.5119159209610675,0.0,0.0955697092022465,0.0
36015,3.7892956941383034,0.0,3.742291513746222,0.0,-0.04700418039208154,0.0
25120,2.570562743292466,0.0,2.4721702217109693,0.0,-0.0983925215814967,0.0
25112,3.684819963361301,0.0,3.5008423471227097,0.0,-0.18397761623859132,0.0
25018,2.7203354172260577,0.0,2.429138091322757,0.0,-0.2911973259033007,0.0
23044,2.8197510347455106,0.0,3.0078241800643237,0.0,0.18807314531881314,0.0
13049,2.570609263322725,0.0,2.4729433367186204,0.0,-0.09766592660410467,0.0
13040,3.348912121711055,0.0,3.4294878434378573,0.0,0.08057572172680239,0.0
12041,3.037497385582256,0.0,3.0465031068154067,0.0,0.009005721233150688,0.0
71057,3.0320785571314404,0.0,2.811638152596087,0.0,-0.22044040453535318,0.0
11008,3.1567254986276723,0.0,3.0794070455140523,0.0,-0.07731845311361996,0.0
63003,2.844935838692011,0.0,2.69613386923312,0.0,-0.14880196945889113,0.0
44084,2.913002555655714,0.0,2.7793911563877147,0.0,-0.13361139926799925,0.0
34043,2.139860822609101,0.0,2.057170833914872,0.0,-0.08268998869422894,0.0
25050,2.746628783979514,0.0,2.69012653614594,0.0,-0.05650224783357416,0.0
23094,3.907668368030624,0.0,3.774734745645211,0.0,-0.13293362238541295,0.0
71002,2.50269465792873,0.0,2.3903429920542987,0.0,-0.11235166587443146,0.0
11021,3.13111925084405,0.0,3.3900358016791454,0.0,0.25891655083509546,0.0
93022,1.8804978125870528,0.0,1.6252027284408146,0.0,-0.25529508414623825,0.0
92142,3.099618238718596,0.0,2.8939500576019035,0.0,-0.2056681811166925,0.0
91103,2.154870907986599,0.0,1.849166375962932,0.0,-0.3057045320236671,0.0
85024,2.0874368179388427,0.0,1.7667382984397584,0.0,-0.32069851949908434,0.0
84059,1.6262959279067186,0.0,1.4275588072131566,0.0,-0.19873712069356197,0.0
63038,2.3107192179241665,0.0,2.0400298490957813,0.0,-0.2706893688283851,0.0
63013,1.8804978125870528,0.0,1.6252027284408146,0.0,-0.25529508414623825,0.0
52025,2.6894159325310367,0.0,2.5047857207511472,0.0,-0.18463021177988947,0.0
41002,3.193286624010661,0.0,3.2382558674732698,0.0,0.04496924346260878,0.0
37015,2.980331054164045,0.0,2.861935406428246,0.0,-0.1183956477357988,0.0
35029,2.791733439383649,0.0,2.629169142598692,0.0,-0.16256429678495676,0.0
35006,2.451275558737903,0.0,2.440155570537336,0.0,-0.011119988200567033,0.0
34042,2.2283215625291777,0.0,2.1663793445321726,0.0,-0.061942217997005056,0.0
33011,2.6381489449098923,0.0,2.555255241724448,0.0,-0.08289370318544442,0.0
25023,2.7778766724511064,0.0,2.6139942313684377,0.0,-0.1638824410826687,0.0
24107,3.006730012456913,0.0,3.1228076787340786,0.0,0.11607766627716565,0.0
24001,3.312350996328066,0.0,3.2706390214787,0.0,-0.041711974849366396,0.0
13044,1.8862915648447025,0.0,1.8603561223186464,0.0,-0.025935442526056063,0.0
12007,3.254223634217336,0.0,3.085726786809232,0.0,-0.1684968474081039,0.0
72038,2.0725788441310278,0.0,1.9753996988819773,0.0,-0.09717914524905047,0.0
71069,2.5031751732749914,0.0,2.3905152591954395,0.0,-0.11265991407955189,0.0
92045,2.0930784586268274,0.0,2.0012347498273235,0.0,-0.09184370879950388,0.0
57094,2.725754245676874,0.0,2.664003045542098,0.0,-0.061751200134775974,0.0
24104,2.813607129174278,0.0,2.885072595954022,0.0,0.07146546677974408,0.0
21018,4.057693366794744,0.0,4.1855130825359455,0.0,0.1278197157412011,0.0
11037,2.8511045147565177,0.0,2.931575702769445,0.0,0.08047118801292719,0.0
85045,2.4667196394313837,0.0,2.231550264718896,0.0,-0.23516937471248767,0.0
42008,2.6071703887057427,0.0,2.631792158677823,0.0,0.0246217699720801,0.0
38025,2.140118525718189,0.0,2.057711603887798,0.0,-0.08240692183039133,0.0
38002,1.829078713396225,0.0,1.6750153069238487,0.0,-0.15406340647237626,0.0
37011,2.481820119626084,0.0,2.364219501450453,0.0,-0.11760061817563106,0.0
33037,2.0725788441310278,0.0,1.9753996988819773,0.0,-0.09717914524905047,0.0
31012,2.326300213465101,0.0,2.172871352968487,0.0,-0.15342886049661386,0.0
23038,2.7261291694837206,0.0,2.664291485200605,0.0,-0.061837684283115646,0.0
72021,2.6018571517943303,0.0,2.3968110319411244,0.0,-0.20504611985320587,0.0
63087,1.900997427082847,0.0,1.6510377793861444,0.0,-0.24995964769670254,0.0
62099,3.187012356406755,0.0,3.0029302064542787,0.0,-0.1840821499524763,0.0
56088,2.0358656071783408,0.0,1.815893934432506,0.0,-0.21997167274583473,0.0
52074,2.746628783979514,0.0,2.69012653614594,0.0,-0.05650224783357416,0.0
46025,2.7314424063951197,0.0,2.899272611937318,0.0,0.1678302055421983,0.0
44081,2.2954272488003515,0.0,2.2492920974044948,0.0,-0.04613515139585678,0.0
24094,2.782967097125346,0.0,2.8493438609369006,0.0,0.06637676381155444,0.0
73040,2.384275464006143,0.0,2.357126645147668,0.0,-0.0271488188584752,0.0
11030,3.4729264362913583,0.0,3.6964275267244258,0.0,0.22350109043306743,0.0
92101,2.808749637115857,0.0,2.537573486932419,0.0,-0.2711761501834382,0.0
84077,2.53415372947915,0.0,2.313978342242082,0.0,-0.22017538723706798,0.0
84068,1.931916911777863,0.0,1.5753901499577738,0.0,-0.35652676182008913,0.0
63057,2.211931647865396,0.0,2.033850248867469,0.0,-0.17808139899792685,0.0
62038,3.4675076078405342,0.0,3.4615625725051054,0.0,-0.005945035335428894,0.0
55086,3.5041743247629427,0.0,3.620295221946933,0.0,0.11612089718399021,0.0
55050,2.88116856029844,0.0,2.8554673665414443,0.0,-0.025701193756995533,0.0
53046,2.4819257111654918,0.0,2.3641033289330977,0.0,-0.11782238223239405,0.0
45064,1.886245044814433,0.0,1.8595830073110144,0.0,-0.026662037503418556,0.0
41034,2.8511045147565177,0.0,2.931575702769445,0.0,0.08047118801292719,0.0
35005,1.9537256548924584,0.0,1.9427841998418331,0.0,-0.01094145505062527,0.0
33029,2.6072759802451464,0.0,2.631675986160465,0.0,0.024400005915318435,0.0
24130,2.4517095540539,0.0,2.4395547226708376,0.0,-0.01215483138306217,0.0
12005,2.628256110087189,0.0,2.65768330424694,0.0,0.029427194159751036,0.0
71045,2.7934111479617765,0.0,2.746062620233503,0.0,-0.04734852772827347,0.0
71011,2.725977057914033,0.0,2.663634542710313,0.0,-0.062342515203719806,0.0
11002,3.4719520552966445,0.0,3.5793378133990235,0.0,0.10738575810237894,0.0
43005,3.260826305597824,0.0,3.3205677724790883,0.0,0.05974146688126414,0.0
34041,3.1357453687856127,0.0,3.053399727427583,0.0,-0.08234564135802991,0.0
24043,2.1976597809432405,0.0,2.242567743933479,0.0,0.04490796299023847,0.0
21016,3.9329408337591,0.0,3.9178603621353023,0.0,-0.015080471623797553,0.0
13035,2.290114011888954,0.0,2.014310970667807,0.0,-0.27580304122114674,0.0
71067,2.191432033369608,0.0,2.008015197922115,0.0,-0.18341683544749277,0.0
64065,3.0003501533136023,0.0,2.887598190232445,0.0,-0.11275196308115731,0.0
63084,3.0682647587075933,0.0,2.9701985348967805,0.0,-0.09806622381081276,0.0
11022,2.881649075644698,0.0,2.855639633682581,0.0,-0.026009441962116853,0.0
93014,2.310871329493835,0.0,2.0406867915860563,0.0,-0.27018453790777874,0.0
62015,2.8711701339363294,0.0,2.958011601581273,0.0,0.08684146764494383,0.0
52012,3.779027935508737,0.0,3.844431136610212,0.0,0.06540320110147535,0.0
41011,2.944503567781139,0.0,3.275476900464939,0.0,0.3309733326837998,0.0
38014,3.53884273870943,0.0,3.319467945885795,0.0,-0.21937479282363492,0.0
34022,3.5972146625943315,0.0,3.392094543305046,0.0,-0.20512011928928553,0.0
31006,2.0153659926825496,0.0,1.7900588834871731,0.0,-0.22530710919537644,0.0
25048,2.4150428371314856,0.0,2.280822073229017,0.0,-0.1342207639024684,0.0
25044,2.5031286532447066,0.0,2.389742144187814,0.0,-0.1133865090568924,0.0
25037,2.5031286532447066,0.0,2.389742144187814,0.0,-0.1133865090568924,0.0
24011,2.197988184719816,0.0,2.242083068584331,0.0,0.04409488386451521,0.0
23086,3.00662442091751,0.0,3.122923851251418,0.0,0.11629943033390777,0.0
23062,2.814543389373516,0.0,2.7727268808102647,0.0,-0.041816508563251364,0.0
12014,2.7261291694837206,0.0,2.664291485200605,0.0,-0.061837684283115646,0.0
12002,2.7318764017111,0.0,2.8986717640708006,0.0,0.1667953623597005,0.0
82038,1.6262959279067186,0.0,1.4275588072131566,0.0,-0.19873712069356197,0.0
81015,2.62246235782955,0.0,2.4225299103691023,0.0,-0.1999324474604478,0.0
64074,3.037016870235998,0.0,3.046330839674278,0.0,0.009313969438280001,0.0
51012,2.4144916211177367,0.0,2.2816752514099243,0.0,-0.1328163697078124,0.0
46020,2.2649882794515785,0.0,2.325111993973997,0.0,0.06012371452241849,0.0
21015,3.964462796598216,0.0,4.183621390218351,0.0,0.21915859362013546,0.0
21013,4.119982702759196,0.0,4.374969538700315,0.0,0.2549868359411187,0.0
24048,2.6581089725502896,0.0,2.581807313053641,0.0,-0.07630165949664836,0.0
23099,3.684157777529597,0.0,3.9550813951270016,0.0,0.2709236175974046,0.0
71016,3.467765310949646,0.0,3.462103342478034,0.0,-0.0056619684716121554,0.0
63079,3.3697866600137094,0.0,3.4556113340417096,0.0,0.0858246740280002,0.0
93018,2.035537203401781,0.0,1.816378609781642,0.0,-0.219158593620139,0.0
93010,2.035537203401781,0.0,1.816378609781642,0.0,-0.219158593620139,0.0
92137,3.4672847956033896,0.0,3.461931075336886,0.0,-0.005353720266503714,0.0
85009,2.564921102604476,0.0,2.237673770323441,0.0,-0.327247332281035,0.0
84043,2.311199733270415,0.0,2.040202116236912,0.0,-0.2709976170335029,0.0
36010,2.451275558737903,0.0,2.440155570537336,0.0,-0.011119988200567033,0.0
36006,2.668916318035224,0.0,2.478950669805791,0.0,-0.18996564822943274,0.0
24133,2.264941759421318,0.0,2.324338878966369,0.0,0.05939711954505089,0.0
23009,1.886245044814433,0.0,1.8595830073110144,0.0,-0.026662037503418556,0.0
23003,2.783670424708772,0.0,2.849147625246271,0.0,0.06547720053749906,0.0
13011,3.0991842434026164,0.0,2.894550905468399,0.0,-0.20463333793421734,0.0
12040,3.006518829378096,0.0,3.1230400237687848,0.0,0.11652119439068898,0.0
82014,1.7821442378442751,0.0,1.6184222803459951,0.0,-0.16372195749828,0.0
81013,1.7456296324915477,0.0,1.4603465733944412,0.0,-0.2852830590971065,0.0
81003,1.937664144005256,0.0,1.8097704288279768,0.0,-0.1278937151772792,0.0
63089,2.6894159325310367,0.0,2.5047857207511472,0.0,-0.18463021177988947,0.0
63048,2.9123699287397704,0.0,2.7785619467562994,0.0,-0.133807981983471,0.0
73028,1.7978308249246322,0.0,1.7511476117013427,0.0,-0.0466832132232895,0.0
25121,3.467765310949646,0.0,3.462103342478034,0.0,-0.0056619684716121554,0.0
21009,3.994901765946985,0.0,4.107801493648844,0.0,0.11289972770185885,0.0
72020,3.4102240557245715,0.0,3.27724720243236,0.0,-0.13297685329221176,0.0
63075,1.9006690233062733,0.0,1.651522454735285,0.0,-0.24914656857098838,0.0
11007,2.856746155444492,0.0,3.1660721541570327,0.0,0.3093259987125405,0.0
63058,3.146082816191274,0.0,3.1812582287195434,0.0,0.0351754125282695,0.0
53084,2.6011073041806485,0.0,2.3962341526241087,0.0,-0.20487315155653985,0.0
53028,3.1929117002038323,0.0,3.237967427814753,0.0,0.045055727610920915,0.0
32010,2.2958612441163253,0.0,2.2486912495379934,0.0,-0.04716999457833193,0.0
32003,2.140118525718189,0.0,2.057711603887798,0.0,-0.08240692183039133,0.0
81004,3.1201643732446667,0.0,2.920558223554889,0.0,-0.19960614968977763,0.0
64034,2.601810631764056,0.0,2.3960379169334725,0.0,-0.20577271483058368,0.0
58004,3.1562449832814057,0.0,3.0792347783729253,0.0,-0.07701020490848043,0.0
52018,2.908165254635304,0.0,3.11625957567398,0.0,0.2080943210386761,0.0
35013,3.694906051505378,0.0,3.8531140394041503,0.0,0.1582079878987721,0.0
25118,2.5393148548208706,0.0,2.5483025264885004,0.0,0.008987671667629815,0.0
25015,3.187117947946182,0.0,3.002814033936903,0.0,-0.18430391400927926,0.0
23088,3.318039157046317,0.0,3.5059085878739,0.0,0.187869430827583,0.0
21012,3.752072382923596,0.0,4.037681739791349,0.0,0.28560935686775313,0.0
64008,2.383466544883318,0.0,2.357439053355641,0.0,-0.026027491527676805,0.0
62108,3.4672847956033896,0.0,3.461931075336886,0.0,-0.005353720266503714,0.0
62011,2.5031286532447066,0.0,2.389742144187814,0.0,-0.1133865090568924,0.0
61079,2.123951423291585,0.0,1.924814005391303,0.0,-0.19913741790028183,0.0
61048,2.123951423291585,0.0,1.924814005391303,0.0,-0.19913741790028183,0.0
24007,3.037016870235998,0.0,3.046330839674278,0.0,0.009313969438280001,0.0
13025,2.7573770579553165,0.0,2.5881591804230952,0.0,-0.16921787753222128,0.0
13002,2.295755652576929,0.0,2.24880742205536,0.0,-0.046948230521568934,0.0
72042,2.445962321826499,0.0,2.2051744438006327,0.0,-0.24078787802586632,0.0
71024,2.7935167395011926,0.0,2.7459464477161384,0.0,-0.04757029178505423,0.0
92054,2.3107192179241665,0.0,2.0400298490957813,0.0,-0.2706893688283851,0.0
92035,2.2591945271939227,0.0,2.089958600096161,0.0,-0.1692359270977617,0.0
62100,2.964269543276832,0.0,2.7289216354143893,0.0,-0.23534790786244253,0.0
56086,2.844830247152597,0.0,2.6962500417504685,0.0,-0.14858020540212857,0.0
52022,3.154933799275314,0.0,3.1912920538581835,0.0,0.03635825458286934,0.0
34040,3.322032648071936,0.0,3.168443303990905,0.0,-0.15358934408103142,0.0
34009,3.135593257215942,0.0,3.05274278493731,0.0,-0.08285047227863185,0.0
73022,2.0730128394470184,0.0,1.974798851015482,0.0,-0.0982139884315365,0.0
25072,3.59732025413373,0.0,3.3919783707876885,0.0,-0.20534188334604142,0.0
13031,2.3838414686901523,0.0,2.3577274930141363,0.0,-0.026113975676016032,0.0
85026,1.9689120324768483,0.0,1.733638124050468,0.0,-0.2352739084263804,0.0
83034,2.4667196394313837,0.0,2.231550264718896,0.0,-0.23516937471248767,0.0
61031,2.933877093958356,0.0,2.805514646991548,0.0,-0.1283624469668081,0.0
42028,2.917881797251103,0.0,3.014973130990917,0.0,0.09709133373981427,0.0
42023,2.5393613748511483,0.0,2.549075641496122,0.0,0.009714266644973879,0.0
41048,2.882457994767514,0.0,2.8553272254745985,0.0,-0.02713076929291569,0.0
34013,3.037286202503424,0.0,3.0467354518501377,0.0,0.00944924934671354,0.0
34002,2.3838414686901523,0.0,2.3577274930141363,0.0,-0.026113975676016032,0.0
25124,2.570562743292466,0.0,2.4721702217109693,0.0,-0.0983925215814967,0.0
24109,2.8144377978341053,0.0,2.772843053327622,0.0,-0.04159474450648348,0.0
13053,2.570609263322725,0.0,2.4729433367186204,0.0,-0.09766592660410467,0.0
13013,2.3477608586533982,0.0,2.199050938196101,0.0,-0.14870992045729725,0.0
83031,1.7456296324915477,0.0,1.4603465733944412,0.0,-0.2852830590971065,0.0
72003,2.2284271540685894,0.0,2.1662631720148195,0.0,-0.06216398205376983,0.0
71017,2.2284271540685894,0.0,2.1662631720148195,0.0,-0.06216398205376983,0.0
62120,3.244330799394647,0.0,3.18815484933173,0.0,-0.05617595006291687,0.0
62096,3.0274989592201504,0.0,3.149047341855276,0.0,0.12154838263512557,0.0
62093,2.996579474525126,0.0,3.2246949712836424,0.0,0.2281154967585164,0.0
62006,3.0990321318329457,0.0,2.893893962978116,0.0,-0.2051381688548295,0.0
62003,3.1928061086644184,0.0,3.2380836003321285,0.0,0.04527749166771011,0.0
56001,3.2223678893230563,0.0,3.273720131381377,0.0,0.05135224205832056,0.0
53014,3.3795739032969765,0.0,3.353299444036585,0.0,-0.026274459260391403,0.0
46013,2.2649882794515785,0.0,2.325111993973997,0.0,0.06012371452241849,0.0
36008,3.7580478056666937,0.0,3.818423818523713,0.0,0.06037601285701921,0.0
23033,2.4414883154546234,0.0,2.542467460542473,0.0,0.10097914508784944,0.0
11056,3.103186296307918,0.0,3.241589307690352,0.0,0.13840301138243394,0.0
11038,3.317558641700059,0.0,3.505736320732747,0.0,0.18817767903268834,0.0
