refnis,pop_densit,Distance T,nb_poi_sco,score_pent,score_dens,score_tram,score_bus_score_bus,score_imat_score_imat,score_moyen,score_ecart_type,classements_1ers,frequence_1ere_place
62063,2845.5281532939503,4,5,2,5,1,4,2,3.5549937149878534,0.08964455839499022,0.0,0.0
53083,116.283939358332,2,1,4,1,1,2,5,2.258241720967368,0.08894172804261694,0.0,0.0
45062,181.020772222523,2,1,4,2,1,2,3,2.0406186598531675,0.053864911236543925,0.0,0.0
44013,715.114617928381,3,3,4,4,1,3,2,2.8493154276304846,0.058293481860973426,0.0,0.0
36019,248.615887279321,2,2,5,2,1,2,3,2.2944212587432653,0.060382166600251905,0.0,0.0
25119,300.90917964732097,2,2,3,3,1,2,5,2.6884894064067444,0.07402307045376265,0.0,0.0
24016,273.826616660046,5,2,4,2,1,3,2,2.6631176358003636,0.07776330742782277,0.0,0.0
23103,2128.22435167684,3,2,4,5,4,4,2,3.2533780379047976,0.06510264145649151,0.0,0.0
23052,480.732517121421,3,3,4,3,1,2,2,2.538461049782323,0.0508758443880548,0.0,0.0
21017,1958.03246731215,3,4,2,5,4,3,2,3.337088913903781,0.061130319238416886,0.0,0.0
11055,579.735125646415,1,3,3,3,1,2,3,2.3467027147636523,0.054277862464943566,0.0,0.0
82037,33.159216703464,3,2,2,1,1,1,5,2.310806188484712,0.08534400272472188,0.0,0.0
82003,97.0085723444043,1,3,3,1,1,2,4,2.222549186804959,0.06958264619260325,0.0,0.0
81001,262.240293749445,4,4,2,2,1,3,4,3.119737256089137,0.06912218359361637,0.0,0.0
11052,1018.19318041452,2,2,4,5,3,3,4,3.221890325992544,0.06327806538156994,0.0,0.0
11004,666.700631086281,4,2,4,4,3,3,2,3.0047845762024137,0.0501395112626515,0.0,0.0
62079,711.835930712456,3,4,4,4,1,3,4,3.4089636309094336,0.06356479455779018,0.0,0.0
61012,60.9553645223879,1,1,3,1,1,2,5,2.035585530558918,0.08719840015573156,0.0,0.0
31043,530.0055984631799,4,4,5,3,3,1,4,3.351836661685662,0.0691970612493382,0.0,0.0
73107,519.379887428307,1,4,4,3,1,2,3,2.6005053136537613,0.07012539310433803,0.0,0.0
63076,143.415261717399,3,3,1,1,1,2,5,2.5859781347406683,0.08430005955491937,0.0,0.0
63035,313.900153994398,2,3,3,3,1,3,5,3.030748848398605,0.07117972485677568,0.0,0.0
63012,36.5692022209518,1,2,2,1,1,1,5,1.9996687991395852,0.08548262617296967,0.0,0.0
56016,48.92257396425,1,2,3,1,1,2,4,2.0358340836507667,0.06525759124195198,0.0,0.0
42011,729.783655864135,3,3,5,4,1,3,2,2.9164029233663804,0.06631478385901689,0.0,0.0
37017,456.919617056367,3,2,5,3,1,2,4,2.7917665424887477,0.06973289558336783,0.0,0.0
23077,886.506293255357,3,4,4,4,1,3,2,3.0360305307846973,0.06407495438675058,0.0,0.0
23064,127.114110562501,2,1,4,1,1,3,2,1.8543864096179088,0.058059263269286045,0.0,0.0
71053,386.050561971823,4,4,4,3,1,3,3,3.222755736509099,0.06022671065051349,0.0,0.0
21006,8635.40839403453,5,4,4,5,4,5,1,3.907023422333656,0.08224145283728604,0.0,0.0
13004,492.9381048971,2,2,4,3,1,2,3,2.3826438020179093,0.05018318725444014,0.0,0.0
63073,85.12034374571141,2,2,1,1,1,1,4,1.9016834480138742,0.06366598825362471,0.0,0.0
11018,2208.76708099524,4,2,4,5,1,4,2,3.1290233969970114,0.08299649897680275,0.0,0.0
11009,332.230199765612,3,3,4,3,1,2,3,2.7249275998446882,0.050807190355164976,0.0,0.0
91054,30.9185513643903,2,2,2,1,1,1,4,1.9687709437497931,0.062439708930328325,0.0,0.0
85007,46.2377109299671,1,3,2,1,1,1,5,2.1863839022937963,0.08937852545224205,0.0,0.0
56029,46.832037953155,1,1,3,1,1,1,5,1.8800411917212696,0.08970569659704773,0.0,0.0
55085,180.650420548534,2,2,4,2,1,2,5,2.600266863132116,0.07815797868070025,0.0,0.0
46003,329.437536884478,2,4,5,3,3,2,3,3.009777061115788,0.05368346129571291,0.0,0.0
41027,390.670060002663,3,2,4,3,1,3,2,2.50729028546576,0.05111837246211852,0.0,0.0
37018,219.42819163914805,1,3,5,2,1,1,3,2.1700233283872645,0.07440123991181159,0.0,0.0
33041,93.6083997971982,2,1,5,1,1,1,2,1.6103852276785202,0.06731028972422531,0.0,0.0
23104,303.014705546882,2,3,4,3,1,3,2,2.5384366939473915,0.05100940314499266,0.0,0.0
23024,234.44520238778003,2,2,4,2,1,3,3,2.382878101845034,0.05029368240063224,0.0,0.0
13003,319.341355576927,2,3,4,3,1,2,3,2.5693589051721175,0.0514401227782402,0.0,0.0
11024,908.556349589996,3,4,4,4,1,3,4,3.4089636309094336,0.06356479455779018,0.0,0.0
92114,235.123604434267,2,2,4,2,1,2,4,2.4138003130697454,0.06088263757345994,0.0,0.0
58002,549.623851737949,4,4,4,3,1,3,4,3.4092222865714654,0.06372010266717788,0.0,0.0
53065,1694.68058000969,3,3,4,5,1,3,3,3.1910920167033803,0.06835093890737315,0.0,0.0
73006,429.64304867515904,4,3,4,3,1,3,3,3.036040633354888,0.055612625996404576,0.0,0.0
24066,329.302079015582,2,3,4,3,1,3,4,2.9113697940721397,0.05946928663861317,0.0,0.0
72037,330.623870183595,3,2,4,3,1,2,4,2.7246790467528483,0.06118816865419923,0.0,0.0
85047,76.20095155448871,3,1,2,1,1,2,4,2.0931688741057957,0.06720251682865716,0.0,0.0
52015,702.954944179327,3,3,4,4,1,3,4,3.2222485277552337,0.060427259241763044,0.0,0.0
52011,1979.4986938135296,4,5,3,5,4,4,2,3.902004546304117,0.060195543818436795,0.0,0.0
51068,122.78764230169,2,2,4,1,1,2,4,2.258490274059223,0.0674788736025929,0.0,0.0
51008,229.489159443797,3,2,4,2,1,3,4,2.724913346579954,0.061373956443744805,0.0,0.0
42026,515.583911712721,5,3,5,3,1,3,2,3.072230273700985,0.07911037811069023,0.0,0.0
41082,605.695103203698,3,3,4,4,1,3,3,3.0357819776928676,0.05520436827875197,0.0,0.0
38016,345.303649537797,2,3,5,3,3,1,3,2.667517619123929,0.06076384335172355,0.0,0.0
31022,302.023033899003,3,3,4,3,1,2,3,2.7249275998446882,0.050807190355164976,0.0,0.0
31003,222.73600060534,3,3,4,2,1,2,3,2.5696175608341427,0.051780576616115355,0.0,0.0
92048,165.120442907589,2,2,3,2,1,2,5,2.5331793673962286,0.07380435302263022,0.0,0.0
57027,331.090343277286,2,2,5,3,1,3,4,2.791742186653815,0.06952017114606598,0.0,0.0
34027,1034.93232820484,3,5,4,5,1,3,2,3.378055672949429,0.08486430509488217,0.0,0.0
73009,223.198441262364,2,2,4,2,1,2,3,2.227333763007373,0.04753168014266379,0.0,0.0
25091,1316.33511802142,4,3,3,5,1,4,4,3.6215841045400747,0.07318814681573206,0.0,0.0
25068,446.527658652703,3,2,3,3,1,3,4,2.813135889854586,0.05518865958526279,0.0,0.0
24086,370.239682170479,3,2,3,3,1,2,2,2.2846584508922123,0.041772504393001626,0.0,0.0
21005,15612.7675755475,5,5,3,5,5,4,1,3.9644144694410643,0.08719840015573158,0.0,0.0
92140,410.218441906128,4,3,3,3,1,3,4,3.155419687681368,0.058203859172254124,0.0,0.0
63061,152.707445043483,2,3,3,2,1,2,4,2.533427920488068,0.056464825306545785,0.0,0.0
63045,39.386736918657,2,2,1,1,1,2,5,2.2436943369139053,0.08052486871070166,0.0,0.0
53070,335.268668712932,2,4,4,3,1,3,4,3.0980848972263404,0.06541423711307308,0.0,0.0
53039,257.340488840161,3,2,5,2,1,2,4,2.6364565034782124,0.0711292161000558,0.0,0.0
52010,813.7882623566361,3,3,4,4,1,3,4,3.2222485277552337,0.060427259241763044,0.0,0.0
51019,147.01822381535402,2,2,3,1,1,1,5,2.222324989548053,0.08442872236759429,0.0,0.0
42025,722.567126372582,4,4,5,4,1,3,2,3.258686721193149,0.07393329790833886,0.0,0.0
37012,179.73519623987698,2,3,5,2,1,2,4,2.667602911959852,0.0710892917583845,0.0,0.0
25107,231.476035526304,2,3,4,2,1,3,4,2.7560597550616035,0.06140241926950893,0.0,0.0
24134,463.46322242879705,4,4,4,3,1,3,3,3.222755736509099,0.06022671065051349,0.0,0.0
12035,597.283699219269,3,3,4,3,1,3,2,2.6940053886199555,0.05050401728181562,0.0,0.0
83013,42.2599913254206,2,2,1,1,3,1,5,2.274765555129823,0.08233986040499662,0.0,0.0
82036,45.2630961488886,1,3,3,1,1,2,4,2.222549186804959,0.06958264619260325,0.0,0.0
62118,674.52451143063,2,2,4,4,1,3,4,2.8799647299284525,0.06790710467055394,0.0,0.0
58001,1260.61688904437,3,5,4,5,1,4,3,3.7200665618494355,0.08027632771841936,0.0,0.0
57096,1466.22667968349,4,4,4,5,1,3,3,3.5333758145301646,0.07222666436039255,0.0,0.0
44085,333.981328167201,2,4,5,3,1,2,3,2.8231615040622193,0.06939153357165306,0.0,0.0
25105,856.137004379154,4,3,4,4,1,3,3,3.1913506723654135,0.05988855538573158,0.0,0.0
64075,128.42773691087902,1,1,5,1,1,2,4,1.9832939719683322,0.08490704480765011,0.0,0.0
64056,206.447003976964,2,1,4,2,1,3,5,2.5690960988155505,0.08453974079991836,0.0,0.0
64029,150.78789109258798,2,1,4,2,1,3,5,2.5690960988155505,0.08453974079991836,0.0,0.0
11053,242.074471296448,3,3,4,2,1,1,3,2.414073221996516,0.06067018318224357,0.0,0.0
93090,46.52830764913,3,2,1,1,1,1,4,2.057252142686449,0.06910011256116481,0.0,0.0
91064,50.7391875617226,1,2,3,1,1,1,5,2.0667562948754745,0.08773352106569988,0.0,0.0
84029,29.578780196780706,2,1,1,1,1,1,4,1.7149683448596784,0.06515162753119011,0.0,0.0
63023,209.195111651302,2,4,3,2,1,2,4,2.7201430236422675,0.066013581344262,0.0,0.0
42003,404.048637452829,3,3,5,3,1,2,3,2.7920150955805796,0.06078832944441108,0.0,0.0
37020,267.421173542509,2,3,5,2,1,2,3,2.4811363618974878,0.062065280868291044,0.0,0.0
33039,83.95409304107389,2,2,4,1,1,1,4,2.1029459352215705,0.07242341984826102,0.0,0.0
32011,232.23160756065903,3,2,5,2,1,2,3,2.4499899534158334,0.06224743714692865,0.0,0.0
25122,135.846924580078,1,1,4,1,1,2,5,2.102673026294813,0.09240153200776825,0.0,0.0
25043,144.288532240969,1,2,4,1,1,2,5,2.289388129449026,0.08905521704896198,0.0,0.0
23081,533.8495261270759,3,3,4,3,1,3,3,2.8804719386823208,0.04862631081203939,0.0,0.0
23025,1018.05324831213,2,4,4,5,1,3,2,3.0357718751226574,0.07960978295352869,0.0,0.0
13036,244.14646429073895,2,2,4,2,1,1,2,1.8853228741073635,0.04752123162293662,0.0,0.0
13014,211.063467833216,1,3,4,2,1,1,3,2.1029358326513767,0.06373563552342557,0.0,0.0
13012,398.891254289129,3,2,4,3,1,2,3,2.5382124966904676,0.051353808511041696,0.0,0.0
82032,56.4459935117811,3,3,2,1,1,2,4,2.4665990804142015,0.06474143064696708,0.0,0.0
72041,323.36571604583304,1,3,4,3,1,2,4,2.600256760561919,0.07047318007783919,0.0,0.0
64015,147.197082864375,1,1,4,1,1,3,4,2.0717508150700827,0.07883067810564287,0.0,0.0
24059,305.508089088365,4,3,5,3,1,3,2,2.9166615790284167,0.06691439733357392,0.0,0.0
61063,176.740463187896,2,1,4,2,1,3,5,2.5690960988155505,0.08453974079991836,0.0,0.0
57018,84.22496238512291,1,2,5,1,1,2,5,2.356475625184916,0.09656996617835419,0.0,0.0
45035,471.306041682915,4,4,4,3,1,3,3,3.222755736509099,0.06022671065051349,0.0,0.0
23047,1434.1175397029,4,3,4,5,1,4,5,3.8751381503383353,0.079933188613885,0.0,0.0
73001,419.297472910174,5,2,5,3,1,3,4,3.258448270671521,0.08247547577596358,0.0,0.0
73032,329.56491252827,3,2,4,3,1,3,4,2.880223385590499,0.05927724794278646,0.0,0.0
11035,448.994631206631,2,2,4,3,1,2,3,2.3826438020179093,0.05018318725444014,0.0,0.0
91120,63.2016330235137,1,1,2,1,1,1,5,1.8129536959853723,0.08698137644029745,0.0,0.0
91072,41.6450308141481,4,2,2,1,1,1,5,2.466374883157286,0.09330253241964195,0.0,0.0
91015,31.6848629916765,2,1,2,1,1,1,4,1.7820558405955718,0.06466494084363882,0.0,0.0
85034,103.22587194552,1,2,2,1,1,2,4,1.968746587914868,0.062296153935135795,0.0,0.0
84050,49.571869827200096,1,1,2,1,1,1,4,1.6264871459230101,0.0656620084794259,0.0,0.0
61028,145.405103695708,3,1,4,1,1,2,4,2.227343865577575,0.07542862243174966,0.0,0.0
51014,148.721526846758,2,2,5,1,1,2,4,2.3255777697951094,0.07717317076745739,0.0,0.0
45065,245.589585915296,2,2,4,2,1,2,3,2.227333763007373,0.04753168014266379,0.0,0.0
41063,393.97124194758,3,2,4,3,1,3,3,2.693756835528115,0.05085440489284934,0.0,0.0
24014,706.526186056264,5,3,4,4,1,3,2,3.1604528169756163,0.07605572077436891,0.0,0.0
23002,700.7183682435419,2,3,4,4,1,3,2,2.693746732957919,0.06032050027126123,0.0,0.0
62051,1740.95403647595,3,4,4,5,1,4,3,3.533351458695245,0.07274576644218492,0.0,0.0
57062,178.01794261577598,2,2,5,2,1,2,4,2.4808878088056394,0.07075884756715745,0.0,0.0
33016,298.63927267712,2,1,4,2,1,2,2,1.8541521097908087,0.047426919596321115,0.0,0.0
23101,823.663452317736,3,3,3,4,1,3,3,2.968694481956955,0.05183178166946222,0.0,0.0
21011,19090.0437845041,5,3,3,5,5,5,1,3.746528601970306,0.09103269379635051,0.0,0.0
63046,229.186726761093,2,2,2,2,1,3,4,2.4351696604355926,0.055233700964886376,0.0,0.0
61024,137.137349000285,3,1,1,1,1,2,4,2.0260813783698906,0.06897381326123997,0.0,0.0
52055,312.80785143607403,4,2,4,3,1,3,4,3.03579208026305,0.06518764209482034,0.0,0.0
51017,132.31134035422102,2,3,4,1,1,2,4,2.4452053772134237,0.06972483058820622,0.0,0.0
46021,963.655857920228,3,4,4,4,1,3,2,3.0360305307846973,0.06407495438675058,0.0,0.0
45060,224.388445189809,2,1,3,2,1,2,3,1.9735311641172724,0.04444240984411038,0.0,0.0
41081,481.661567252986,5,3,4,3,1,3,2,3.0051427779650792,0.07290580877009233,0.0,0.0
35014,278.408300056224,2,2,5,2,1,2,3,2.2944212587432653,0.060382166600251905,0.0,0.0
32030,51.05905905299591,1,2,5,1,1,1,2,1.6415316361601673,0.06701346260936496,0.0,0.0
23060,747.51679088883,4,3,5,4,1,3,2,3.0719716180389525,0.0709485771950261,0.0,0.0
23039,628.544469570027,4,3,5,4,1,3,2,3.0719716180389525,0.0709485771950261,0.0,0.0
13016,607.870344316775,3,3,4,4,1,2,4,3.0667041889176025,0.0648531075422556,0.0,0.0
63086,36.5696356692293,4,1,1,1,1,1,5,2.21257228426718,0.09911047887684596,0.0,0.0
62121,314.834828746266,2,3,2,3,1,3,5,2.9636613526627027,0.07245197482821639,0.0,0.0
64076,142.989846529022,2,1,5,1,1,2,5,2.325329216703279,0.0965285720870519,0.0,0.0
91034,132.897074564165,3,3,2,1,1,2,3,2.280132530351827,0.052361259779814866,0.0,0.0
91030,115.662543833149,3,3,3,1,1,2,4,2.533686576150097,0.06572083336018993,0.0,0.0
91005,109.028713337902,3,2,2,1,1,2,5,2.4663505273223554,0.08029610952231814,0.0,0.0
61068,205.819500740436,2,1,4,2,1,3,5,2.5690960988155505,0.08453974079991836,0.0,0.0
55040,258.30667477713,3,4,4,2,1,2,3,2.756332663988365,0.06111404808514214,0.0,0.0
52048,664.201888484337,3,2,2,4,1,3,5,3.087824983191582,0.07689830332948623,0.0,0.0
52021,383.887447536195,5,2,4,3,1,3,4,3.1913607749356228,0.07707659352080683,0.0,0.0
51069,259.592410880198,5,3,4,2,1,2,3,2.880754950179289,0.07613976278664783,0.0,0.0
51004,234.137934827886,5,4,4,2,1,2,4,3.253936603395864,0.08416794710282344,0.0,0.0
44045,177.277524484415,2,2,5,2,1,1,2,1.9524103698432562,0.061890344584057774,0.0,0.0
44043,681.057685829225,3,4,4,4,1,3,3,3.2224970808470577,0.059964755290101465,0.0,0.0
42010,384.52288040049297,3,3,5,3,1,3,3,2.9475594344182143,0.05813426796179618,0.0,0.0
37002,330.862038196014,3,1,5,3,1,1,3,2.263040550434511,0.07651675031402692,0.0,0.0
25123,282.237467386749,4,2,4,2,1,3,4,2.880482041252514,0.06849473239354728,0.0,0.0
63088,202.08600908437305,3,2,2,2,1,3,4,2.590738355108172,0.05637639612994816,0.0,0.0
58003,108.48223569622,2,2,4,1,1,2,5,2.4449568241215833,0.08437915944255996,0.0,0.0
57093,175.141492497705,2,1,4,2,1,2,4,2.227085209915549,0.06714226504579912,0.0,0.0
56051,61.5761356012543,1,2,3,1,1,2,4,2.0358340836507667,0.06525759124195198,0.0,0.0
44064,571.345932421062,3,3,4,3,1,3,5,3.25340503880705,0.06968400235970683,0.0,0.0
44048,344.688146546025,3,3,5,3,1,2,4,2.978481645642956,0.0674992792853398,0.0,0.0
43014,94.465111864751,2,2,5,1,1,2,3,2.139111219732754,0.0665613981869726,0.0,0.0
34025,441.855994134914,3,3,5,3,1,2,2,2.6055485455182015,0.061553459870903694,0.0,0.0
31004,1078.49810974947,4,5,5,5,4,3,1,3.694168648875873,0.08207066674348078,0.0,0.0
64063,265.572553308805,4,1,5,2,1,3,5,2.9473209838965886,0.09541077393247732,0.0,0.0
23102,2022.43889283468,4,3,4,5,1,3,2,3.1601941613135933,0.07558506940679814,0.0,0.0
13029,548.7374562634969,4,3,4,3,1,2,3,2.88049629451724,0.058926997045572777,0.0,0.0
72043,407.000946211555,5,3,4,3,1,2,3,3.0360649891898226,0.0729324852072747,0.0,0.0
11039,562.302698407328,1,4,3,3,1,2,4,2.7198843679802294,0.074269223495856,0.0,0.0
11025,1512.75381719039,4,2,4,5,1,3,2,2.9734790581593735,0.07936467593160974,0.0,0.0
11016,412.634559511819,4,2,4,3,1,2,3,2.69378119136303,0.06092463412151687,0.0,0.0
62009,159.95187654533,3,2,1,2,1,2,5,2.554573070596991,0.07728519782797753,0.0,0.0
53082,1502.94995487294,3,2,3,5,1,4,3,3.09283375665091,0.07453143353923067,0.0,0.0
45061,154.26673971890602,2,1,4,2,1,1,4,2.0715408710778895,0.07205893754508962,0.0,0.0
42004,580.5722741503849,5,3,4,3,1,2,2,2.849598439127444,0.07535583173855269,0.0,0.0
36012,323.041791525286,2,3,5,3,1,2,3,2.6364464009080084,0.06196119666165357,0.0,0.0
32006,184.430127328903,2,2,5,2,1,1,3,2.138876919905629,0.06645179300509188,0.0,0.0
31042,56.26135618909171,2,1,5,1,1,1,4,1.9833183278032789,0.08546020597804209,0.0,0.0
11057,308.410786212059,2,2,4,3,1,2,3,2.3826438020179093,0.05018318725444014,0.0,0.0
73109,86.68526569814439,2,2,2,1,1,3,4,2.279859621425069,0.06206098084847682,0.0,0.0
24062,1791.19614635041,5,5,3,5,1,4,5,4.337049555583421,0.08676585481297279,0.0,0.0
45041,780.263188609281,4,2,3,4,1,3,2,2.7510815234129353,0.06379216072015839,0.0,0.0
36011,350.40520810862,4,3,5,3,1,1,3,2.7920394514155022,0.0769846969422684,0.0,0.0
21008,10480.504120945,4,2,4,5,4,5,1,3.378024521352651,0.08777536100577295,0.0,0.0
71066,545.768029305573,2,2,4,3,1,2,3,2.3826438020179093,0.05018318725444014,0.0,0.0
11040,1164.34566196694,2,4,3,5,1,3,3,3.155150929449141,0.07478640174298129,0.0,0.0
62032,375.016648688329,4,4,1,3,1,3,5,3.394426349426163,0.08213338952643622,0.0,0.0
61039,183.981242667943,2,1,2,2,1,2,5,2.2793767685061117,0.07819902500402054,0.0,0.0
51065,107.209110981117,2,3,4,1,1,2,4,2.4452053772134237,0.06972483058820622,0.0,0.0
37010,479.501791600666,2,2,5,3,1,2,3,2.4497312977538073,0.06166779351227715,0.0,0.0
37007,376.393686636793,3,2,5,3,1,2,3,2.6052999924263665,0.061988102623003145,0.0,0.0
35002,1268.6675188067102,3,3,5,5,3,3,2,3.258328519430475,0.059642253706313555,0.0,0.0
25005,187.507392567105,2,2,4,2,1,3,4,2.569344651907389,0.061625747233856526,0.0,0.0
24135,256.948733786288,2,4,3,2,1,3,3,2.68922081241753,0.0563872539270525,0.0,0.0
24009,342.640751208837,3,3,3,3,1,3,2,2.626917892884046,0.04473096967486986,0.0,0.0
21003,8608.5801063022,3,3,4,5,5,4,1,3.3469343695234204,0.08121418159125628,0.0,0.0
13017,269.519292734219,3,3,4,2,1,2,3,2.5696175608341427,0.051780576616115355,0.0,0.0
12009,795.727797548298,4,3,4,4,1,3,2,3.004884122303055,0.06413605328248281,0.0,0.0
11001,1338.78746440443,3,3,4,5,1,3,5,3.56402511682814,0.0806555178718177,0.0,0.0
92094,643.938281648257,4,5,2,4,1,3,3,3.4306058872020535,0.07489982591595173,0.0,0.0
63040,628.239280837039,2,2,2,4,1,3,4,2.745789738456655,0.06536916455695804,0.0,0.0
61081,73.70665818333269,2,1,3,1,1,2,5,2.1911542252314824,0.08399644108526687,0.0,0.0
61019,89.65495076005,2,1,1,1,1,2,5,2.0569792337596873,0.08366994968197876,0.0,0.0
57003,243.81723506021,2,2,3,2,1,3,4,2.5022571561714884,0.05610966527554553,0.0,0.0
43018,983.690194316402,1,3,4,4,1,3,2,2.5381780382853565,0.06953223358380083,0.0,0.0
25110,1429.20698450175,4,4,3,5,1,4,5,3.9947657577566495,0.0792707535366486,0.0,0.0
11023,745.328125448317,3,3,3,4,1,2,3,2.8131501431193273,0.05443411967556972,0.0,0.0
11013,2611.02655983342,3,3,4,5,1,4,2,3.160169805478659,0.0759839505001209,0.0,0.0
11005,2582.36731634975,5,3,4,5,1,4,1,3.284840644761417,0.09724835669670702,0.0,0.0
93056,59.61809794206791,2,2,3,1,1,2,5,2.3778693283856804,0.0797249928778406,0.0,0.0
91059,98.27937463194188,2,1,3,1,1,2,4,2.0046876751691145,0.06513916887836775,0.0,0.0
62026,235.68411223972,5,1,1,2,1,3,4,2.6480731455631914,0.0907538274373156,0.0,0.0
56044,183.65069470319895,2,1,4,2,3,2,5,2.6001673170314787,0.07681951768089908,0.0,0.0
44052,321.881270246685,2,2,4,3,1,2,2,2.1961772519555294,0.046796651238512066,0.0,0.0
43010,257.40947662164604,5,3,5,2,1,2,3,2.947842445915178,0.0827936490539336,0.0,0.0
34003,466.53585216577903,1,2,5,3,1,2,2,2.1076960530188704,0.06558245893780515,0.0,0.0
33021,165.712908446555,3,3,5,2,1,2,2,2.4502385065076817,0.061857875856523636,0.0,0.0
23100,1107.63146141229,3,2,3,5,1,4,4,3.2793003067132966,0.0778529755056793,0.0,0.0
23032,151.42649557957998,3,2,4,2,1,2,3,2.3829024576799513,0.050668049702471775,0.0,0.0
23023,252.546742046428,2,2,4,2,1,3,3,2.382878101845034,0.05029368240063224,0.0,0.0
12029,529.920528702033,2,3,4,3,1,3,3,2.7249032440097545,0.05091176744957476,0.0,0.0
83012,73.2559228674147,3,3,2,1,1,2,4,2.4665990804142015,0.06474143064696708,0.0,0.0
53068,318.96599157784505,3,2,4,3,1,2,3,2.5382124966904676,0.051353808511041696,0.0,0.0
46024,425.788037046232,2,2,4,3,1,2,3,2.3826438020179093,0.05018318725444014,0.0,0.0
24033,501.8047566666591,5,3,4,3,1,3,2,3.0051427779650792,0.07290580877009233,0.0,0.0
24020,420.26489853285904,4,4,4,3,1,3,2,3.0362891864467203,0.0644111869202891,0.0,0.0
23105,756.398123199711,3,2,4,4,1,3,2,2.662600324476278,0.060252652886803114,0.0,0.0
63072,248.184570021487,4,3,2,2,1,2,4,2.7774778140972876,0.06521221049361255,0.0,0.0
11044,879.3235449907479,3,3,5,4,1,3,2,2.9164029233663804,0.06631478385901689,0.0,0.0
92006,93.2289914020101,2,2,3,1,1,1,5,2.222324989548053,0.08442872236759429,0.0,0.0
91143,24.7027974877778,1,2,1,1,1,1,4,1.7461147533413204,0.0654799709325921,0.0,0.0
85046,84.0360196213238,3,3,3,1,1,1,4,2.3781422373124506,0.07239329775482868,0.0,0.0
84016,24.8816188842871,2,1,1,1,1,1,4,1.7149683448596784,0.06515162753119011,0.0,0.0
63020,1091.42379522888,3,2,2,5,1,4,2,2.8392797108526664,0.07884864141504358,0.0,0.0
51009,272.366351826199,3,3,4,2,1,2,4,2.7560841108965146,0.06158941783396926,0.0,0.0
43002,167.271345265394,1,3,5,2,1,2,3,2.325567667224917,0.06901213469489284,0.0,0.0
23097,541.356393856531,2,2,4,3,1,3,2,2.3517215907931845,0.04980777495083809,0.0,0.0
12026,597.239289512568,4,3,4,3,1,2,2,2.6940297444548746,0.06046121438794144,0.0,0.0
82005,40.792362901603205,1,1,2,1,1,1,5,1.8129536959853723,0.08698137644029745,0.0,0.0
72018,224.986570600868,1,3,5,2,1,2,4,2.5120342172872876,0.07836102068400394,0.0,0.0
71070,648.387906871698,1,4,3,4,1,3,3,2.8442721957660235,0.07296482722284234,0.0,0.0
71037,286.148171493445,3,3,3,2,1,2,4,2.688996615160618,0.056707643898690985,0.0,0.0
11050,1323.26088928155,2,2,4,5,4,3,4,3.3151981045193257,0.06493912856809417,0.0,0.0
24055,602.840548934155,4,3,4,4,1,3,5,3.5642837724901537,0.07346201695956102,0.0,0.0
62119,515.366886964282,2,2,3,3,1,3,5,2.844033745244392,0.07301786158471664,0.0,0.0
56078,194.664489256123,1,3,4,2,3,3,5,2.973573167504971,0.07286993484928572,0.0,0.0
31040,385.61106751077,4,4,4,3,1,2,3,3.067211397671458,0.06459638398074369,0.0,0.0
24028,176.334685767536,2,2,5,2,1,3,3,2.449965597580915,0.06178530989628775,0.0,0.0
63080,77.3098057309753,1,2,3,1,1,2,4,2.0358340836507667,0.06525759124195198,0.0,0.0
91013,54.1728293986622,3,2,2,1,1,1,4,2.1243396384223514,0.06738643403172266,0.0,0.0
51067,364.170247090287,3,2,4,3,1,2,3,2.5382124966904676,0.051353808511041696,0.0,0.0
23050,577.1797297011341,2,3,4,3,1,3,3,2.7249032440097545,0.05091176744957476,0.0,0.0
13019,282.978990667564,3,3,4,2,1,2,3,2.5696175608341427,0.051780576616115355,0.0,0.0
83028,100.345059336864,4,2,2,1,1,2,4,2.4354526719325578,0.07293236969785571,0.0,0.0
73098,278.814736282225,2,2,4,2,1,3,4,2.569344651907389,0.061625747233856526,0.0,0.0
73066,290.235802723848,1,2,4,2,1,3,3,2.227309407172464,0.05779250986608477,0.0,0.0
24054,161.213017718565,1,2,4,2,1,3,3,2.227309407172464,0.05779250986608477,0.0,0.0
92097,91.85703932199412,2,2,4,1,1,1,5,2.289412485283931,0.08939100970498631,0.0,0.0
53020,493.102939030936,2,4,4,3,1,3,3,2.9116183471639596,0.05910714492227012,0.0,0.0
21007,9174.11800194182,4,4,3,5,5,4,1,3.6221306716143182,0.07972499287784061,0.0,0.0
13046,997.4101310400172,3,2,4,4,1,3,2,2.662600324476278,0.060252652886803114,0.0,0.0
71034,726.061960207981,5,3,3,4,1,3,3,3.2798318713020764,0.06984990843852718,0.0,0.0
64025,176.27679353283702,2,1,5,2,1,1,5,2.325094916876163,0.09662592871468267,0.0,0.0
46014,631.055679629338,4,4,5,4,1,3,2,3.258686721193149,0.07393329790833886,0.0,0.0
41018,433.752906368694,3,4,4,3,1,3,2,2.8807204917741664,0.058548658606653356,0.0,0.0
25031,176.14894379920102,2,4,3,2,1,2,5,2.9066095737046336,0.08079574967773004,0.0,0.0
13021,283.202317595526,2,3,4,2,1,2,3,2.414048866161582,0.05056495304515496,0.0,0.0
63004,52.7525333125592,2,2,3,1,1,1,5,2.222324989548053,0.08442872236759429,0.0,0.0
61003,524.6774448345809,4,2,2,3,1,3,4,2.9016170887912414,0.06343368670362962,0.0,0.0
57095,140.069482416751,2,2,4,1,1,2,4,2.258490274059223,0.0674788736025929,0.0,0.0
45059,263.452398766831,2,2,4,2,1,3,3,2.382878101845034,0.05029368240063224,0.0,0.0
44073,226.297005680872,1,1,4,2,3,2,2,1.8851989721718014,0.053218054652611764,0.0,0.0
38008,416.44626635774,5,3,5,3,3,1,2,2.9477571530792748,0.07919316403411386,0.0,0.0
34023,1387.79939104158,3,2,5,5,1,3,2,2.8849978592227075,0.08110364447338778,0.0,0.0
24041,199.163215617725,3,1,4,2,1,2,2,2.0097208044633628,0.05400987747751868,0.0,0.0
24038,694.147574986297,4,3,4,4,1,3,2,3.004884122303055,0.06413605328248281,0.0,0.0
23098,2344.1637893802304,5,2,4,5,4,4,2,3.5645154272499355,0.07279525702900158,0.0,0.0
72039,395.768943647948,1,3,4,3,1,2,3,2.413790210499553,0.060551943814978415,0.0,0.0
11029,3390.28949457311,5,4,4,5,4,4,1,3.751479083495975,0.0779538122971066,0.0,0.0
91141,161.682846479659,3,2,1,2,1,2,4,2.3681065205346226,0.05905366050235096,0.0,0.0
84033,33.075447305706604,1,3,2,1,1,2,4,2.155461691069072,0.06749417045144247,0.0,0.0
83044,38.6960491637132,2,1,1,1,1,2,4,1.8705126836973196,0.06336494880380221,0.0,0.0
61080,227.4336609171,3,2,2,2,1,3,4,2.590738355108172,0.05637639612994816,0.0,0.0
41024,631.7697515287999,2,2,4,4,1,3,2,2.5070316298037136,0.06072263087324365,0.0,0.0
23096,540.313776173798,3,3,4,3,1,2,2,2.538461049782323,0.0508758443880548,0.0,0.0
23045,528.044348278757,4,3,5,3,1,2,2,2.7611172401907638,0.06911426820634486,0.0,0.0
21010,10348.9255166032,5,5,3,5,5,4,1,3.9644144694410643,0.08719840015573158,0.0,0.0
72004,256.91343354562804,1,4,4,2,1,2,4,2.6316618247055827,0.07819316329632826,0.0,0.0
61010,101.146509016695,2,2,4,1,1,2,5,2.4449568241215833,0.08437915944255996,0.0,0.0
57081,319.073974233711,4,5,4,3,1,3,4,3.5959373897256826,0.07331606741941367,0.0,0.0
57072,220.62344487643296,2,2,5,2,1,3,4,2.6364321476432995,0.07070414610665149,0.0,0.0
44083,350.94065804364897,2,5,5,3,1,2,3,3.009876607216447,0.08204207381409867,0.0,0.0
44040,779.727807192872,5,3,4,4,3,3,2,3.347068374029189,0.055676566739364615,0.0,0.0
13037,267.505326784409,2,2,4,2,1,2,2,2.0408672129450216,0.042028143062744265,0.0,0.0
13006,357.238809608146,2,2,4,3,1,2,3,2.3826438020179093,0.05018318725444014,0.0,0.0
92003,326.488862199554,3,3,2,3,1,3,4,2.932763497272908,0.05414553185958981,0.0,0.0
83055,30.8121807947935,1,2,1,1,3,2,5,2.2747411992949043,0.08219233473811842,0.0,0.0
62027,212.30217140312504,2,2,3,2,1,3,5,2.6887237062338585,0.07387650761851922,0.0,0.0
61043,160.426573039844,2,2,3,2,1,2,5,2.5331793673962286,0.07380435302263022,0.0,0.0
56022,225.465708591936,4,3,4,2,1,3,4,3.0671971444067196,0.06555073397928556,0.0,0.0
55035,202.98403110898403,2,3,4,2,1,2,5,2.786981966286316,0.07802424742502351,0.0,0.0
53053,653.7412647199279,3,5,4,4,1,3,5,3.782145284126014,0.0812973841538068,0.0,0.0
44021,1699.4572679309902,5,5,4,5,4,4,1,3.9381941866501897,0.0816757084120443,0.0,0.0
33040,151.03398924295,2,1,5,2,1,1,3,1.9521618167514236,0.0705950445517866,0.0,0.0
23027,934.742763668898,5,4,3,4,1,3,3,3.466546974456308,0.07177441125995591,0.0,0.0
13001,241.949486227229,1,2,4,2,1,1,4,2.102687279559536,0.07223620419720173,0.0,0.0
82009,32.5589295565296,1,2,1,1,1,1,5,1.9325813034036925,0.08642507394276205,0.0,0.0
71020,261.14629039740703,2,3,4,2,1,3,3,2.569593204999234,0.05158681044294051,0.0,0.0
92087,115.119859437668,1,2,3,1,1,2,5,2.222300633713126,0.08418913450873029,0.0,0.0
57097,298.925881836242,3,2,5,2,1,2,4,2.6364565034782124,0.0711292161000558,0.0,0.0
44012,625.1464308221709,4,3,5,4,1,3,2,3.0719716180389525,0.0709485771950261,0.0,0.0
31033,458.512020165527,5,3,5,3,1,2,3,3.103152484925715,0.0792116865902427,0.0,0.0
25084,188.37195313398,1,2,4,2,1,2,4,2.2582316183971893,0.06730993579817991,0.0,0.0
24045,252.34360998512705,3,2,3,2,1,3,2,2.2848927507193277,0.042351863544009,0.0,0.0
21019,4751.29571390574,4,4,3,5,4,4,3,3.901755993212262,0.037468773933313146,0.0,0.0
13023,197.288596826728,2,2,4,2,1,2,2,2.0408672129450216,0.042028143062744265,0.0,0.0
91114,75.8375960394632,2,3,2,1,3,2,4,2.4976459427952045,0.05581152854381541,0.0,0.0
85039,55.1034381418964,3,2,3,1,1,1,5,2.3778936842206124,0.08668900525061085,0.0,0.0
85011,39.4282967214223,1,2,1,1,1,1,4,1.7461147533413204,0.0654799709325921,0.0,0.0
84035,38.2768721016482,1,2,2,1,1,1,4,1.8132022490772248,0.06490176453513398,0.0,0.0
84010,36.3285190398677,1,2,1,1,1,1,4,1.7461147533413204,0.0654799709325921,0.0,0.0
63049,128.469201486696,1,3,1,1,1,2,4,2.088374195333173,0.06943404646449655,0.0,0.0
62060,274.56367420545,3,2,4,2,1,3,5,2.9113798966423325,0.07624561220860455,0.0,0.0
62022,808.096234944042,3,3,1,4,1,4,5,3.3629969294475566,0.08250081142188788,0.0,0.0
56005,76.660711607816,1,1,3,1,1,1,5,1.8800411917212696,0.08970569659704773,0.0,0.0
44020,418.29850397757,3,3,5,3,1,3,3,2.9475594344182143,0.05813426796179618,0.0,0.0
44019,485.0022246128791,2,3,5,3,3,3,2,2.792139746736855,0.047058700227920566,0.0,0.0
35011,249.941126876809,1,4,5,2,3,1,2,2.3568874385326812,0.07764512069154696,0.0,0.0
31005,847.8819576612119,3,5,4,4,3,3,2,3.409361190992487,0.05520980646970003,0.0,0.0
24008,178.965977392831,2,2,4,2,1,3,3,2.382878101845034,0.05029368240063224,0.0,0.0
21014,23322.25867821,5,4,3,5,5,5,5,4.679109905373995,0.03729276156413764,9380.0,0.938
21004,5872.20753094877,5,5,3,5,4,4,5,4.616972891163771,0.0385840894837722,620.0,0.062
21001,6981.41118678129,5,5,4,5,4,4,1,3.9381941866501897,0.0816757084120443,0.0,0.0
13010,406.04713065432696,4,2,4,3,1,2,4,2.880247741425413,0.06813518080597313,0.0,0.0
12025,1346.97402818105,3,5,4,5,1,3,1,3.191589122887062,0.09481565039055516,0.0,0.0
12021,760.41723876652,3,3,4,4,1,3,2,2.8493154276304846,0.058293481860973426,0.0,0.0
11054,332.98055981583497,2,2,4,3,1,2,4,2.5691103520802883,0.06165482245310778,0.0,0.0
71022,782.477551159128,4,5,4,4,1,3,3,3.5647808786738207,0.07249624928390233,0.0,0.0
56049,138.34905880224798,2,1,4,1,1,3,4,2.2273195097426566,0.07483499096323644,0.0,0.0
64023,134.065742787112,3,1,5,1,1,2,5,2.4808979113758234,0.09781020331345477,0.0,0.0
84075,46.9463547570111,1,2,1,1,1,1,4,1.7461147533413204,0.0654799709325921,0.0,0.0
83049,31.343205116133294,1,1,2,1,1,1,5,1.8129536959853723,0.08698137644029745,0.0,0.0
83040,50.3479414061709,2,2,2,1,1,1,4,1.9687709437497931,0.062439708930328325,0.0,0.0
61072,319.721539094389,3,2,3,3,1,3,4,2.813135889854586,0.05518865958526279,0.0,0.0
61041,104.370421734182,2,1,2,1,1,2,5,2.1240667294955893,0.08217103268498364,0.0,0.0
55004,272.58225180937,4,4,4,2,1,2,3,2.9119013586609364,0.06805512129913659,0.0,0.0
53044,186.774010786586,4,2,4,2,1,2,4,2.7249377024148904,0.07018575243898054,0.0,0.0
44034,380.3723827988,3,4,5,3,1,2,3,2.978730198734789,0.06698984274571032,0.0,0.0
36007,697.27535424437,4,3,5,4,1,2,3,3.1028938292636767,0.07111360471465526,0.0,0.0
25117,245.233157752896,2,2,4,2,1,3,4,2.569344651907389,0.061625747233856526,0.0,0.0
25014,773.471227019434,4,4,3,4,1,3,4,3.497444829846107,0.06415752672007403,0.0,0.0
24137,201.029094089396,2,2,4,2,1,3,4,2.569344651907389,0.061625747233856526,0.0,0.0
23016,1076.47645556734,3,4,4,5,3,3,2,3.3779561268487863,0.055182028523986036,0.0,0.0
13008,379.588154294072,5,5,4,3,1,2,3,3.409495195498236,0.08539507584058477,0.0,0.0
73083,363.44104868896096,4,4,4,3,1,3,5,3.5956888366338497,0.07380911478188477,0.0,0.0
72030,189.534010791517,1,3,4,2,1,2,3,2.2584801714890257,0.05820770453211053,0.0,0.0
71004,609.6470099897721,2,4,3,4,1,3,3,2.9998408904386125,0.06202569623677447,0.0,0.0
63001,44.477738800375896,1,2,2,1,1,2,5,2.1552131379772232,0.0824420670820582,0.0,0.0
62122,324.465462628141,2,1,1,3,1,3,5,2.523143650618392,0.08418977291037577,0.0,0.0
57064,282.533271837744,2,3,4,2,1,3,5,2.942526305123957,0.07637967206957598,0.0,0.0
52075,222.028664738462,3,2,4,2,1,3,5,2.9113798966423325,0.07624561220860455,0.0,0.0
43007,195.813834938599,3,2,5,2,1,2,3,2.4499899534158334,0.06224743714692865,0.0,0.0
21002,3942.32995648781,5,4,3,5,4,4,2,3.8708581378224736,0.06028205666929935,0.0,0.0
73042,445.60892688855193,2,3,4,3,1,3,4,2.9113697940721397,0.05946928663861317,0.0,0.0
64047,227.448677437865,2,2,4,2,1,3,4,2.569344651907389,0.061625747233856526,0.0,0.0
64021,208.613264538886,2,1,4,2,1,3,5,2.5690960988155505,0.08453974079991836,0.0,0.0
93088,148.800061519338,3,3,3,1,1,2,5,2.72015312621246,0.08146712166177399,0.0,0.0
92141,175.179863832533,2,2,4,2,1,2,4,2.4138003130697454,0.06088263757345994,0.0,0.0
92138,124.899169861868,2,1,4,1,1,2,5,2.258241720967368,0.08894172804261694,0.0,0.0
91142,108.990826057692,2,1,1,1,1,2,4,1.8705126836973196,0.06336494880380221,0.0,0.0
84009,64.9438339815514,5,3,2,1,1,2,4,2.7777364697593323,0.08746648932141608,0.0,0.0
63067,68.1961927604838,1,3,2,1,1,2,5,2.3419282411314337,0.08551097311069503,0.0,0.0
45068,222.828553417342,2,4,5,2,1,2,5,3.0407845651764323,0.08965037364694221,0.0,0.0
45063,258.58781338145,3,1,4,2,1,3,3,2.3517316933633787,0.060549361668530116,0.0,0.0
42006,830.0302084572501,5,4,5,4,1,3,2,3.414255415865729,0.0829116494274602,0.0,0.0
36015,1083.96456978322,4,5,5,5,1,3,3,3.7871784134202557,0.08306505796194134,0.0,0.0
25120,179.081751380551,2,2,4,2,1,3,4,2.569344651907389,0.061625747233856526,0.0,0.0
25112,841.6257595800699,4,4,3,4,1,3,5,3.6839113799084973,0.07366056311775736,0.0,0.0
25018,244.446361995409,2,3,3,2,1,2,5,2.7198944705504258,0.0742809322318486,0.0,0.0
23044,1363.88251956091,3,2,4,5,1,3,2,2.81791036348681,0.07475961981722314,0.0,0.0
13049,459.107504098273,2,3,4,3,1,2,3,2.5693589051721175,0.0514401227782402,0.0,0.0
13040,827.4001322062791,5,4,4,4,1,3,2,3.347167920129833,0.0782610273650897,0.0,0.0
12041,544.838962457457,4,3,4,3,1,3,3,3.036040633354888,0.055612625996404576,0.0,0.0
71057,364.783183181555,2,4,3,3,1,3,4,3.030997401490447,0.06256745808721383,0.0,0.0
11008,999.873975702661,3,4,3,4,1,3,3,3.1554095851111734,0.05767359885017942,0.0,0.0
63003,222.814803497238,3,2,3,2,1,3,5,2.844292400906441,0.07300571845232397,0.0,0.0
44084,246.384964604721,4,4,4,2,1,2,3,2.9119013586609364,0.06805512129913659,0.0,0.0
34043,190.106579888314,1,1,5,2,1,2,4,2.1386040109788667,0.08135890651574997,0.0,0.0
25050,487.4589205981361,3,2,2,3,1,3,4,2.7460483941186884,0.05594362823152955,0.0,0.0
23094,1313.17329075932,4,4,4,5,1,3,5,3.9063089146549057,0.07987076702841095,0.0,0.0
71002,371.191927375445,2,2,3,3,1,2,4,2.5020228563443876,0.05617191916636662,0.0,0.0
11021,1403.1265261535,4,2,4,5,1,4,2,3.1290233969970114,0.08299649897680275,0.0,0.0
93022,84.5090089927602,1,2,3,1,1,1,4,1.8802897448131106,0.0684744978510758,0.0,0.0
92142,274.851324577741,3,4,4,2,1,3,4,3.098343552888379,0.06545516911402738,0.0,0.0
91103,49.8994868712577,2,2,2,1,1,1,5,2.1552374938121472,0.08256858406751187,0.0,0.0
85024,51.2655001503491,2,2,1,1,1,1,5,2.0881499980762506,0.08401689329501194,0.0,0.0
84059,51.2644600982168,1,1,2,1,1,1,4,1.6264871459230101,0.0656620084794259,0.0,0.0
63038,81.9092878249732,2,2,2,1,1,2,5,2.310781832649785,0.07838502280571605,0.0,0.0
63013,58.975903783312,1,2,3,1,1,1,4,1.8802897448131106,0.0684744978510758,0.0,0.0
52025,269.079962948291,2,2,3,2,1,3,5,2.6887237062338585,0.07387650761851922,0.0,0.0
41002,1145.0926958945,3,4,4,5,1,3,2,3.1913405697952433,0.07566094457040755,0.0,0.0
37015,300.66700988495995,3,4,5,3,1,2,3,2.978730198734789,0.06698984274571032,0.0,0.0
35029,277.014769902196,2,4,5,2,4,1,3,2.792230461794404,0.07500720707019597,0.0,0.0
35006,313.57654042919097,2,2,5,3,1,2,3,2.4497312977538073,0.06166779351227715,0.0,0.0
34042,401.794830303782,1,2,4,3,1,2,3,2.2270751073453314,0.057924320851582736,0.0,0.0
33011,269.194808105683,3,3,5,2,1,2,3,2.6367050565700523,0.06242803434396375,0.0,0.0
25023,399.993540569429,2,3,2,3,1,3,4,2.7771948026003384,0.056364071758147664,0.0,0.0
24107,498.577072413476,5,3,4,3,1,3,2,3.0051427779650792,0.07290580877009233,0.0,0.0
24001,489.398077481166,5,4,3,3,1,3,3,3.311236935445772,0.07010320571830536,0.0,0.0
13044,291.20186983167804,2,2,4,2,1,1,2,1.8853228741073635,0.04752123162293662,0.0,0.0
12007,475.933735786237,4,3,4,3,1,2,5,3.253429394641986,0.07726366190132249,0.0,0.0
72038,168.421274478762,2,2,4,2,1,1,3,2.071789424169734,0.054132429936628965,0.0,0.0
71069,345.768389040768,2,3,3,3,1,2,3,2.5022714094362253,0.0447759750410739,0.0,0.0
92045,207.418868103351,2,1,2,2,1,2,4,2.092910218443745,0.05814327420893047,0.0,0.0
57094,189.31747444606896,4,2,4,2,1,2,4,2.7249377024148904,0.07018575243898054,0.0,0.0
24104,687.132288596394,2,3,3,4,3,3,2,2.8132747942755936,0.04004013781082768,0.0,0.0
21018,8195.963853191639,5,5,3,5,4,4,2,4.0575732409766765,0.06450032178485213,0.0,0.0
11037,765.10152446119,3,3,4,4,1,3,2,2.8493154276304846,0.058293481860973426,0.0,0.0
85045,119.382711902536,3,3,2,1,1,2,4,2.4665990804142015,0.06474143064696708,0.0,0.0
42008,625.8544499588561,2,3,5,4,1,2,2,2.605289889856171,0.06963832347367456,0.0,0.0
38025,127.757267816134,3,2,5,1,1,1,3,2.139135575567659,0.07498288314640303,0.0,0.0
38002,62.6204691321356,1,2,5,1,1,1,3,1.8279981862225354,0.07359950283667477,0.0,0.0
37011,197.026542537062,3,2,5,2,1,1,4,2.48091216464057,0.07855654755179067,0.0,0.0
33037,185.895618596823,2,2,4,2,1,1,3,2.071789424169734,0.054132429936628965,0.0,0.0
31012,269.939438987532,2,2,5,2,1,1,4,2.325343469968005,0.07717386842244271,0.0,0.0
23038,369.862371670462,3,3,4,3,1,2,3,2.7249275998446882,0.050807190355164976,0.0,0.0
72021,333.450490796834,1,4,4,3,1,2,3,2.6005053136537613,0.07012539310433803,0.0,0.0
63087,36.1789849950254,1,1,1,1,1,2,5,1.901410539087125,0.08596692877856199,0.0,0.0
62099,637.00355176735,2,3,3,4,1,3,5,3.1860588874091342,0.07557729454624834,0.0,0.0
56088,66.0454102029038,1,1,3,1,1,2,5,2.035585530558918,0.08719840015573156,0.0,0.0
52074,486.202688772664,3,2,2,3,1,3,4,2.7460483941186884,0.05594362823152955,0.0,0.0
46025,777.9030346897471,4,2,5,4,1,2,2,2.729712176047093,0.07637335556980303,0.0,0.0
44081,488.3838809632661,2,2,5,3,1,1,3,2.2941869589161596,0.06878382228941478,0.0,0.0
24094,470.140743196359,5,2,3,3,1,2,3,2.782262390299698,0.07243787081489765,0.0,0.0
73040,256.74740930359496,2,2,4,2,1,3,3,2.382878101845034,0.05029368240063224,0.0,0.0
11030,2019.86156681704,5,2,4,5,1,4,3,3.471058641731952,0.08662415456054201,0.0,0.0
92101,245.15169786162,2,3,2,2,1,3,5,2.8083513136521754,0.07377708236548348,0.0,0.0
84077,66.06785530327231,3,3,3,1,1,2,4,2.533686576150097,0.06572083336018993,0.0,0.0
84068,44.3008026961296,1,2,1,1,1,1,5,1.9325813034036925,0.08642507394276205,0.0,0.0
63057,254.522037293651,2,1,1,2,1,2,5,2.212289272770206,0.08041051132373817,0.0,0.0
62038,1190.90240015505,3,3,3,5,1,4,4,3.466015409867494,0.07256875983281777,0.0,0.0
55086,1231.46054370156,4,3,4,5,1,4,3,3.502205050213594,0.07257092649554558,0.0,0.0
55050,329.427241515864,4,2,4,3,1,2,4,2.880247741425413,0.06813518080597313,0.0,0.0
53046,93.8874437264894,4,2,5,1,1,1,4,2.4811708203026135,0.09225438753330659,0.0,0.0
45064,137.36493495272,2,1,4,1,1,2,3,1.885308620842639,0.05842808814636531,0.0,0.0
41034,640.9641170824669,3,3,4,4,1,3,2,2.8493154276304846,0.058293481860973426,0.0,0.0
35005,286.296629498525,2,2,5,2,1,1,2,1.9524103698432562,0.061890344584057774,0.0,0.0
33029,438.443613363926,3,3,5,3,1,2,2,2.6055485455182015,0.061553459870903694,0.0,0.0
24130,185.035084726985,2,2,5,2,1,3,3,2.449965597580915,0.06178530989628775,0.0,0.0
12005,529.5491727070261,3,3,3,3,1,3,2,2.626917892884046,0.04473096967486986,0.0,0.0
71045,319.423058870736,2,2,5,3,1,3,4,2.791742186653815,0.06952017114606598,0.0,0.0
71011,469.041566215832,2,2,4,3,1,3,4,2.7246546909179226,0.061105577438857424,0.0,0.0
11002,2637.62773823713,3,5,4,5,4,3,1,3.4715124584674233,0.08033597595328429,0.0,0.0
43005,727.1156124990059,4,4,5,4,1,3,2,3.258686721193149,0.07393329790833886,0.0,0.0
34041,812.3827624616571,3,4,5,4,1,2,3,3.134040237745312,0.07111332535773127,0.0,0.0
24043,261.955119233032,3,2,4,2,1,2,2,2.1964359076175706,0.04743987739037927,0.0,0.0
21016,3763.9888375639102,3,5,3,5,4,4,3,3.932902401693914,0.05049520328793696,0.0,0.0
13035,161.224707361599,1,3,4,2,1,1,4,2.2894023827137397,0.075536674841392,0.0,0.0
71067,228.7273662282,2,2,3,2,1,1,4,2.1911684784962016,0.060909134303335506,0.0,0.0
64065,343.80428834567,3,2,3,3,1,3,5,2.999602439916962,0.07081366662829006,0.0,0.0
63084,425.341296445126,3,3,4,3,1,3,4,3.06693848874469,0.05597248947126594,0.0,0.0
11022,326.919866456719,4,3,4,3,1,2,3,2.88049629451724,0.058926997045572777,0.0,0.0
93014,67.6437049321098,3,3,2,1,1,1,4,2.311054741576544,0.07081129195182093,0.0,0.0
62015,1646.6212898689,3,2,2,5,1,3,3,2.870201922077371,0.07130575952199718,0.0,0.0
52012,1298.62298497591,5,4,3,5,1,4,3,3.7774013523044565,0.07965481730117134,0.0,0.0
41011,1512.67500920674,5,2,4,5,1,3,1,2.942581202769567,0.09811732108056591,0.0,0.0
38014,430.177986539067,3,5,5,3,3,2,4,3.5385274090049323,0.061497482837303705,0.0,0.0
34022,978.322262828264,3,5,4,4,1,3,4,3.5956787340636396,0.07327506028306889,0.0,0.0
31006,123.347426951758,1,2,5,1,1,1,4,2.014464736284902,0.08542545637893541,0.0,0.0
25048,200.57757226733003,1,2,4,2,1,3,4,2.413775957234826,0.06916963888427556,0.0,0.0
25044,200.955077618649,2,2,3,2,1,3,4,2.5022571561714884,0.05610966527554553,0.0,0.0
25037,253.214042584421,2,2,3,2,1,3,4,2.5022571561714884,0.05610966527554553,0.0,0.0
24011,268.676328304046,2,2,4,2,1,3,2,2.196411551782646,0.04707138610169573,0.0,0.0
23086,667.26135269028,4,3,4,4,1,3,2,3.004884122303055,0.06413605328248281,0.0,0.0
23062,577.443977509159,3,3,3,3,1,3,3,2.8133844429464325,0.04360445464246004,0.0,0.0
12014,510.265902462348,3,3,4,3,1,2,3,2.7249275998446882,0.050807190355164976,0.0,0.0
12002,487.198193684869,4,2,5,3,1,3,2,2.7299464758742156,0.0693902488154731,0.0,0.0
82038,27.2198897224864,1,1,2,1,1,1,4,1.6264871459230101,0.0656620084794259,0.0,0.0
81015,160.811282467887,2,3,2,2,1,3,4,2.6218847635898093,0.056623384912999945,0.0,0.0
64074,500.322530790959,4,2,4,3,1,3,4,3.03579208026305,0.06518764209482034,0.0,0.0
51012,133.733837550363,4,2,4,1,1,1,4,2.4140833245667093,0.08466583271792978,0.0,0.0
46020,359.20900274501497,2,2,5,3,1,2,2,2.2632647476914345,0.059675099629767414,0.0,0.0
21015,16551.0382636211,4,5,3,5,5,5,1,3.9643901136061657,0.08753129411375848,0.0,0.0
21013,19466.0501476836,5,5,3,5,5,5,1,4.119958808278731,0.08970569659704773,0.0,0.0
24048,711.658559209604,2,2,3,4,1,2,4,2.6573328953549042,0.06552412859206644,0.0,0.0
23099,2407.50031183906,5,3,3,5,4,4,2,3.6841430346682644,0.06361826079689864,0.0,0.0
71016,771.631503837095,5,4,3,4,1,3,3,3.466546974456308,0.07177441125995591,0.0,0.0
63079,1670.9933567137898,4,4,2,5,1,4,2,3.3682786118336487,0.08200755952602742,0.0,0.0
93018,35.60368418127,2,1,3,1,1,1,5,2.0356098863938286,0.08753129411375841,0.0,0.0
93010,59.8621466443546,2,1,3,1,1,1,5,2.0356098863938286,0.08753129411375841,0.0,0.0
92137,828.455859762662,5,3,3,4,1,3,4,3.466298421364472,0.07223014978679436,0.0,0.0
85009,76.3263679742164,2,3,3,1,1,2,5,2.5645844315399025,0.08121864791021335,0.0,0.0
84043,71.5200408703921,2,3,2,1,1,2,4,2.311030385741633,0.06241466117214342,0.0,0.0
36010,393.440980450091,2,2,5,3,1,2,3,2.4497312977538073,0.06166779351227715,0.0,0.0
36006,266.13281959010504,2,3,5,2,1,2,4,2.667602911959852,0.0710892917583845,0.0,0.0
24133,198.44886056669,2,1,5,2,1,3,3,2.2632504944267025,0.06867941987732196,0.0,0.0
23009,117.74855407115,2,1,4,1,1,2,3,1.885308620842639,0.05842808814636531,0.0,0.0
23003,870.809602943846,3,3,3,4,1,3,2,2.7822279318945897,0.05431864197883916,0.0,0.0
13011,595.963801523678,3,4,4,3,1,2,4,3.098109253061256,0.06521953288527886,0.0,0.0
12040,1014.87517671154,3,3,4,5,1,3,2,3.0046254666410177,0.07202033526682433,0.0,0.0
82014,31.610868913436104,1,1,2,1,1,2,4,1.7820314847606455,0.06438851178511856,0.0,0.0
81013,66.8015103344571,1,2,1,1,1,1,4,1.7461147533413204,0.0654799709325921,0.0,0.0
81003,80.6083774500076,2,1,2,1,1,2,4,1.9376001794332165,0.06207383784385662,0.0,0.0
63089,197.329288432052,2,2,3,2,1,3,5,2.6887237062338585,0.07387650761851922,0.0,0.0
63048,209.277755227163,3,2,4,2,1,3,5,2.9113798966423325,0.07624561220860455,0.0,0.0
73028,57.1492188369763,2,1,5,1,1,1,3,1.796851777740891,0.07375494144711191,0.0,0.0
25121,943.768734450014,5,4,3,4,1,3,3,3.466546974456308,0.07177441125995591,0.0,0.0
21009,13807.3857136663,4,5,3,5,5,4,2,3.9953123248308895,0.0651391688783678,0.0,0.0
72020,340.501945781973,5,4,4,3,1,2,4,3.4092466424063845,0.07919493189561612,0.0,0.0
63075,29.3900351565627,2,1,1,1,1,1,5,1.9014348949220483,0.08607807514600048,0.0,0.0
11007,2898.7765876050103,3,2,5,5,1,4,1,2.8540756479979748,0.09384906571187523,0.0,0.0
63058,372.752828643677,5,2,1,3,1,4,4,3.145642626565574,0.0857313005396137,0.0,0.0
53084,123.960809235739,3,2,4,1,1,2,5,2.600525518794159,0.0852325609230743,0.0,0.0
53028,835.2186949171321,4,3,4,4,1,3,3,3.1913506723654135,0.05988855538573158,0.0,0.0
32010,224.902560395212,2,2,5,2,1,2,3,2.2944212587432653,0.060382166600251905,0.0,0.0
32003,113.933144569451,3,2,5,1,1,1,3,2.139135575567659,0.07498288314640303,0.0,0.0
81004,382.813910822532,3,4,2,3,1,3,4,3.1194786004271235,0.060609484452671,0.0,0.0
64034,196.848179240476,1,3,4,2,1,3,4,2.600491060389035,0.07028897721995547,0.0,0.0
58004,943.740160376448,3,3,3,4,1,3,4,3.1551610320193233,0.05811274772776668,0.0,0.0
52018,1093.5467236771,3,2,3,5,1,4,2,2.9063672065885426,0.07748111065654908,0.0,0.0
35013,1762.3328320177102,4,5,5,5,4,3,1,3.694168648875873,0.08207066674348078,0.0,0.0
25118,223.111514715202,3,1,4,2,1,3,4,2.538198243425753,0.07012515290094405,0.0,0.0
25015,469.071934737329,3,3,3,3,1,3,5,3.1863175430711648,0.06757176552669819,0.0,0.0
23088,2178.2807337690697,5,4,4,5,1,3,1,3.3160114090779804,0.09667842964005573,0.0,0.0
21012,16335.835656872,5,4,4,5,4,4,1,3.751479083495975,0.0779538122971066,0.0,0.0
64008,229.941118255491,3,1,4,2,1,2,4,2.3826539045881137,0.06945116910558759,0.0,0.0
62108,651.329151458768,5,3,3,4,1,3,4,3.466298421364472,0.07223014978679436,0.0,0.0
62011,236.9249838233,2,2,3,2,1,3,4,2.5022571561714884,0.05610966527554553,0.0,0.0
61079,113.996857931456,2,1,2,1,1,2,5,2.1240667294955893,0.08217103268498364,0.0,0.0
61048,70.28105812656051,2,1,2,1,1,2,5,2.1240667294955893,0.08217103268498364,0.0,0.0
24007,593.9914594823849,4,2,4,3,1,3,4,3.03579208026305,0.06518764209482034,0.0,0.0
13025,333.134186736767,2,4,4,3,1,2,3,2.756074008326314,0.060938838883565,0.0,0.0
13002,406.245169769209,1,2,5,3,1,2,3,2.294162603081237,0.06869530315256743,0.0,0.0
72042,204.443138645163,1,3,4,2,1,2,4,2.444946721551393,0.06966016199676424,0.0,0.0
71024,297.870256714799,3,2,5,2,1,3,4,2.792000842315865,0.06992033201187517,0.0,0.0
92054,113.673177895617,2,2,2,1,1,2,5,2.310781832649785,0.07838502280571605,0.0,0.0
92035,161.84203341721698,1,2,4,2,1,2,4,2.2582316183971893,0.06730993579817991,0.0,0.0
62100,203.58242211431295,3,3,2,2,1,3,5,2.963920008324737,0.07218608371017665,0.0,0.0
56086,302.174836159145,2,2,3,3,1,3,5,2.844033745244392,0.07301786158471664,0.0,0.0
52022,629.4776267301299,3,2,3,4,3,3,4,3.155061485918694,0.039778922674010606,0.0,0.0
34040,887.380218670639,3,4,5,4,1,2,4,3.3205067878076946,0.07479536420516335,0.0,0.0
34009,740.048102832102,2,3,5,4,1,3,4,3.1337673288185663,0.07176196937966975,0.0,0.0
73022,142.368067969388,2,2,4,1,1,2,3,2.072023723996851,0.05423553585935336,0.0,0.0
25072,477.012824638888,4,5,4,3,1,3,4,3.5959373897256826,0.07331606741941367,0.0,0.0
13031,376.162019982388,2,2,4,3,1,2,3,2.3826438020179093,0.05018318725444014,0.0,0.0
85026,132.17001853603202,1,2,2,1,1,2,4,1.968746587914868,0.062296153935135795,0.0,0.0
83034,146.609994289526,3,3,2,1,1,2,4,2.4665990804142015,0.06474143064696708,0.0,0.0
61031,455.115245550419,3,4,2,3,1,3,3,2.9330120503647317,0.05376872077136799,0.0,0.0
42028,642.335241716726,5,3,5,4,1,1,2,2.9164516350362373,0.09384937375545785,0.0,0.0
42023,346.38219340783,3,2,4,3,1,2,3,2.5382124966904676,0.051353808511041696,0.0,0.0
41048,548.326832497251,3,4,4,3,1,3,2,2.8807204917741664,0.058548658606653356,0.0,0.0
34013,1005.98810216844,2,3,4,5,1,3,3,3.0355233220308073,0.07264708780781373,0.0,0.0
34002,359.403676060698,2,2,4,3,1,2,3,2.3826438020179093,0.05018318725444014,0.0,0.0
25124,198.709441655355,2,2,4,2,1,3,4,2.569344651907389,0.061625747233856526,0.0,0.0
24109,700.664150859963,2,3,3,4,1,3,3,2.813125787284397,0.05498999522755958,0.0,0.0
13053,393.76018206629897,2,3,4,3,1,2,3,2.5693589051721175,0.0514401227782402,0.0,0.0
13013,282.68977381724795,2,3,3,2,1,2,3,2.34696137042569,0.04258444825754732,0.0,0.0
83031,28.0151592915295,1,2,1,1,1,1,4,1.7461147533413204,0.0654799709325921,0.0,0.0
72003,231.797503535996,2,2,4,2,1,2,3,2.227333763007373,0.04753168014266379,0.0,0.0
71017,153.881498396154,2,2,4,2,1,2,3,2.227333763007373,0.04753168014266379,0.0,0.0
62120,734.2548683148759,4,3,2,4,1,3,4,3.2436422309560045,0.06462253007425171,0.0,0.0
62096,1816.80597876844,3,3,2,5,1,4,2,3.025994814006862,0.07636850449906726,0.0,0.0
62093,3526.31887613066,3,2,2,5,1,5,2,2.9948240496903122,0.09004639721135317,0.0,0.0
62006,339.186851058501,2,3,4,3,1,3,5,3.0978363441345116,0.07372735702984515,0.0,0.0
62003,1232.06103456633,3,3,4,5,1,3,3,3.1910920167033803,0.06835093890737315,0.0,0.0
56001,732.796282807841,3,2,4,4,3,3,4,3.222148981654593,0.04196389829136942,0.0,0.0
53014,1000.99431969595,3,4,4,5,1,3,3,3.377807119857588,0.07106532585316926,0.0,0.0
46013,508.71461602172496,2,2,5,3,1,2,2,2.2632647476914345,0.059675099629767414,0.0,0.0
36008,1131.77301079668,5,4,5,5,1,3,3,3.7560320049386173,0.08306373070322652,0.0,0.0
23033,561.835672050816,3,2,3,3,1,3,2,2.4402027897298573,0.04440530459610812,0.0,0.0
11056,965.5302204241232,4,2,5,4,3,2,3,3.1027942831630417,0.0577072599189973,0.0,0.0
11038,1106.89243080836,5,3,4,5,1,3,2,3.3157628559861507,0.08482342112407798,0.0,0.0
